date,cdc_ili_rate
2018-01-01,
2018-01-02,
2018-01-03,
2018-01-04,
2018-01-05,
2018-01-06,2.55038
2018-01-07,2.5601214285714287
2018-01-08,2.5698628571428572
2018-01-09,2.579604285714286
2018-01-10,2.5893457142857144
2018-01-11,2.599087142857143
2018-01-12,2.6088285714285715
2018-01-13,2.61857
2018-01-14,2.6398414285714287
2018-01-15,2.6611128571428573
2018-01-16,2.682384285714286
2018-01-17,2.703655714285714
2018-01-18,2.7249271428571427
2018-01-19,2.7461985714285713
2018-01-20,2.76747
2018-01-21,2.7756385714285714
2018-01-22,2.783807142857143
2018-01-23,2.7919757142857144
2018-01-24,2.8001442857142855
2018-01-25,2.808312857142857
2018-01-26,2.8164814285714286
2018-01-27,2.82465
2018-01-28,2.8853485714285716
2018-01-29,2.946047142857143
2018-01-30,3.0067457142857146
2018-01-31,3.0674442857142856
2018-02-01,3.128142857142857
2018-02-02,3.1888414285714286
2018-02-03,3.24954
2018-02-04,3.2398442857142857
2018-02-05,3.2301485714285714
2018-02-06,3.220452857142857
2018-02-07,3.210757142857143
2018-02-08,3.2010614285714287
2018-02-09,3.1913657142857144
2018-02-10,3.18167
2018-02-11,3.15947
2018-02-12,3.13727
2018-02-13,3.11507
2018-02-14,3.09287
2018-02-15,3.07067
2018-02-16,3.04847
2018-02-17,3.02627
2018-02-18,3.0138985714285713
2018-02-19,3.001527142857143
2018-02-20,2.9891557142857144
2018-02-21,2.9767842857142854
2018-02-22,2.964412857142857
2018-02-23,2.9520414285714285
2018-02-24,2.93967
2018-02-25,2.8287542857142856
2018-02-26,2.7178385714285715
2018-02-27,2.606922857142857
2018-02-28,2.496007142857143
2018-03-01,2.3850914285714286
2018-03-02,2.2741757142857146
2018-03-03,2.16326
2018-03-04,2.1246285714285715
2018-03-05,2.085997142857143
2018-03-06,2.0473657142857142
2018-03-07,2.008734285714286
2018-03-08,1.9701028571428572
2018-03-09,1.9314714285714287
2018-03-10,1.89284
2018-03-11,1.85226
2018-03-12,1.8116800000000002
2018-03-13,1.7711000000000001
2018-03-14,1.73052
2018-03-15,1.68994
2018-03-16,1.6493600000000002
2018-03-17,1.60878
2018-03-18,1.56084
2018-03-19,1.5129000000000001
2018-03-20,1.46496
2018-03-21,1.4170200000000002
2018-03-22,1.36908
2018-03-23,1.3211400000000002
2018-03-24,1.2732
2018-03-25,1.24632
2018-03-26,1.21944
2018-03-27,1.19256
2018-03-28,1.16568
2018-03-29,1.1388
2018-03-30,1.11192
2018-03-31,1.08504
2018-04-01,1.09093
2018-04-02,1.0968200000000001
2018-04-03,1.10271
2018-04-04,1.1086
2018-04-05,1.11449
2018-04-06,1.1203800000000002
2018-04-07,1.12627
2018-04-08,1.085700285714286
2018-04-09,1.0451305714285715
2018-04-10,1.0045608571428573
2018-04-11,0.9639911428571428
2018-04-12,0.9234214285714286
2018-04-13,0.8828517142857143
2018-04-14,0.842282
2018-04-15,0.8193302857142857
2018-04-16,0.7963785714285714
2018-04-17,0.7734268571428571
2018-04-18,0.7504751428571429
2018-04-19,0.7275234285714286
2018-04-20,0.7045717142857143
2018-04-21,0.68162
2018-04-22,0.6965794285714286
2018-04-23,0.7115388571428571
2018-04-24,0.7264982857142858
2018-04-25,0.7414577142857143
2018-04-26,0.7564171428571429
2018-04-27,0.7713765714285714
2018-04-28,0.786336
2018-04-29,0.7659572857142858
2018-04-30,0.7455785714285714
2018-05-01,0.7251998571428572
2018-05-02,0.7048211428571428
2018-05-03,0.6844424285714286
2018-05-04,0.6640637142857142
2018-05-05,0.643685
2018-05-06,0.6226731428571428
2018-05-07,0.6016612857142857
2018-05-08,0.5806494285714285
2018-05-09,0.5596375714285714
2018-05-10,0.5386257142857143
2018-05-11,0.5176138571428571
2018-05-12,0.496602
2018-05-13,0.5035098571428571
2018-05-14,0.5104177142857143
2018-05-15,0.5173255714285714
2018-05-16,0.5242334285714286
2018-05-17,0.5311412857142858
2018-05-18,0.5380491428571429
2018-05-19,0.544957
2018-05-20,0.5455391428571429
2018-05-21,0.5461212857142858
2018-05-22,0.5467034285714286
2018-05-23,0.5472855714285714
2018-05-24,0.5478677142857142
2018-05-25,0.5484498571428571
2018-05-26,0.549032
2018-05-27,0.5726548571428571
2018-05-28,0.5962777142857143
2018-05-29,0.6199005714285715
2018-05-30,0.6435234285714285
2018-05-31,0.6671462857142857
2018-06-01,0.6907691428571429
2018-06-02,0.714392
2018-06-03,0.6733628571428572
2018-06-04,0.6323337142857143
2018-06-05,0.5913045714285714
2018-06-06,0.5502754285714286
2018-06-07,0.5092462857142857
2018-06-08,0.4682171428571429
2018-06-09,0.427188
2018-06-10,0.4110047142857143
2018-06-11,0.3948214285714286
2018-06-12,0.37863814285714287
2018-06-13,0.36245485714285713
2018-06-14,0.34627157142857146
2018-06-15,0.3300882857142857
2018-06-16,0.313905
2018-06-17,0.31938428571428573
2018-06-18,0.3248635714285714
2018-06-19,0.33034285714285716
2018-06-20,0.33582214285714285
2018-06-21,0.3413014285714286
2018-06-22,0.34678071428571433
2018-06-23,0.35226
2018-06-24,0.343106
2018-06-25,0.333952
2018-06-26,0.32479800000000003
2018-06-27,0.315644
2018-06-28,0.30649
2018-06-29,0.297336
2018-06-30,0.288182
2018-07-01,0.2787165714285714
2018-07-02,0.26925114285714286
2018-07-03,0.2597857142857143
2018-07-04,0.2503202857142857
2018-07-05,0.24085485714285715
2018-07-06,0.23138942857142858
2018-07-07,0.221924
2018-07-08,0.22595185714285715
2018-07-09,0.2299797142857143
2018-07-10,0.23400757142857143
2018-07-11,0.23803542857142856
2018-07-12,0.2420632857142857
2018-07-13,0.24609114285714284
2018-07-14,0.250119
2018-07-15,0.24395014285714284
2018-07-16,0.2377812857142857
2018-07-17,0.23161242857142855
2018-07-18,0.22544357142857144
2018-07-19,0.2192747142857143
2018-07-20,0.21310585714285715
2018-07-21,0.206937
2018-07-22,0.2007007142857143
2018-07-23,0.1944644285714286
2018-07-24,0.18822814285714287
2018-07-25,0.18199185714285715
2018-07-26,0.17575557142857143
2018-07-27,0.16951928571428573
2018-07-28,0.163283
2018-07-29,0.16814
2018-07-30,0.172997
2018-07-31,0.177854
2018-08-01,0.182711
2018-08-02,0.187568
2018-08-03,0.192425
2018-08-04,0.197282
2018-08-05,0.20489285714285715
2018-08-06,0.2125037142857143
2018-08-07,0.22011457142857144
2018-08-08,0.22772542857142858
2018-08-09,0.23533628571428572
2018-08-10,0.24294714285714286
2018-08-11,0.250558
2018-08-12,0.2512041428571429
2018-08-13,0.2518502857142857
2018-08-14,0.25249642857142857
2018-08-15,0.25314257142857144
2018-08-16,0.2537887142857143
2018-08-17,0.25443485714285713
2018-08-18,0.255081
2018-08-19,0.26458985714285715
2018-08-20,0.2740987142857143
2018-08-21,0.2836075714285714
2018-08-22,0.29311642857142856
2018-08-23,0.3026252857142857
2018-08-24,0.31213414285714286
2018-08-25,0.321643
2018-08-26,0.32516685714285715
2018-08-27,0.3286907142857143
2018-08-28,0.3322145714285714
2018-08-29,0.3357384285714286
2018-08-30,0.33926228571428574
2018-08-31,0.3427861428571429
2018-09-01,0.34631
2018-09-02,0.37218157142857144
2018-09-03,0.3980531428571428
2018-09-04,0.42392471428571427
2018-09-05,0.4497962857142857
2018-09-06,0.4756678571428571
2018-09-07,0.5015394285714285
2018-09-08,0.527411
2018-09-09,0.5075729999999999
2018-09-10,0.487735
2018-09-11,0.46789699999999995
2018-09-12,0.448059
2018-09-13,0.42822099999999996
2018-09-14,0.40838299999999994
2018-09-15,0.388545
2018-09-16,0.4241902857142857
2018-09-17,0.4598355714285714
2018-09-18,0.49548085714285717
2018-09-19,0.5311261428571429
2018-09-20,0.5667714285714286
2018-09-21,0.6024167142857143
2018-09-22,0.638062
2018-09-23,0.6281644285714286
2018-09-24,0.6182668571428571
2018-09-25,0.6083692857142857
2018-09-26,0.5984717142857143
2018-09-27,0.5885741428571429
2018-09-28,0.5786765714285714
2018-09-29,0.568779
2018-09-30,0.7066762857142858
2018-10-01,0.8445735714285714
2018-10-02,0.9824708571428571
2018-10-03,1.1203681428571428
2018-10-04,1.2582654285714285
2018-10-05,1.396162714285714
2018-10-06,1.53406
2018-10-07,1.5424742857142857
2018-10-08,1.5508885714285714
2018-10-09,1.559302857142857
2018-10-10,1.5677171428571428
2018-10-11,1.5761314285714285
2018-10-12,1.5845457142857142
2018-10-13,1.59296
2018-10-14,1.6203514285714284
2018-10-15,1.6477428571428572
2018-10-16,1.6751342857142857
2018-10-17,1.7025257142857142
2018-10-18,1.7299171428571427
2018-10-19,1.7573085714285714
2018-10-20,1.7847
2018-10-21,1.7759357142857142
2018-10-22,1.7671714285714286
2018-10-23,1.7584071428571428
2018-10-24,1.749642857142857
2018-10-25,1.7408785714285713
2018-10-26,1.7321142857142857
2018-10-27,1.72335
2018-10-28,1.7405485714285713
2018-10-29,1.7577471428571427
2018-10-30,1.7749457142857141
2018-10-31,1.7921442857142857
2018-11-01,1.8093428571428571
2018-11-02,1.8265414285714285
2018-11-03,1.84374
2018-11-04,1.8707371428571429
2018-11-05,1.8977342857142856
2018-11-06,1.9247314285714285
2018-11-07,1.9517285714285713
2018-11-08,1.9787257142857142
2018-11-09,2.005722857142857
2018-11-10,2.03272
2018-11-11,2.0530185714285714
2018-11-12,2.073317142857143
2018-11-13,2.0936157142857144
2018-11-14,2.1139142857142854
2018-11-15,2.134212857142857
2018-11-16,2.1545114285714284
2018-11-17,2.17481
2018-11-18,2.2037614285714286
2018-11-19,2.232712857142857
2018-11-20,2.2616642857142857
2018-11-21,2.2906157142857144
2018-11-22,2.319567142857143
2018-11-23,2.3485185714285715
2018-11-24,2.37747
2018-11-25,2.3970914285714287
2018-11-26,2.416712857142857
2018-11-27,2.4363342857142856
2018-11-28,2.4559557142857145
2018-11-29,2.475577142857143
2018-11-30,2.4951985714285714
2018-12-01,2.51482
2018-12-02,2.5399157142857143
2018-12-03,2.5650114285714283
2018-12-04,2.5901071428571427
2018-12-05,2.615202857142857
2018-12-06,2.6402985714285716
2018-12-07,2.6653942857142856
2018-12-08,2.69049
2018-12-09,2.7731242857142857
2018-12-10,2.8557585714285714
2018-12-11,2.9383928571428575
2018-12-12,3.021027142857143
2018-12-13,3.103661428571429
2018-12-14,3.1862957142857145
2018-12-15,3.26893
2018-12-16,3.3621614285714285
2018-12-17,3.4553928571428574
2018-12-18,3.548624285714286
2018-12-19,3.641855714285714
2018-12-20,3.7350871428571426
2018-12-21,3.8283185714285715
2018-12-22,3.92155
2018-12-23,4.1287771428571425
2018-12-24,4.336004285714286
2018-12-25,4.543231428571429
2018-12-26,4.750458571428571
2018-12-27,4.957685714285715
2018-12-28,5.164912857142857
2018-12-29,5.37214
2018-12-30,5.236585714285714
2018-12-31,5.101031428571429
2019-01-01,4.965477142857143
2019-01-02,4.829922857142857
2019-01-03,4.694368571428571
2019-01-04,4.558814285714286
2019-01-05,4.42326
2019-01-06,4.339825714285714
2019-01-07,4.256391428571429
2019-01-08,4.172957142857143
2019-01-09,4.089522857142857
2019-01-10,4.006088571428571
2019-01-11,3.9226542857142856
2019-01-12,3.83922
2019-01-13,3.8168785714285716
2019-01-14,3.794537142857143
2019-01-15,3.7721957142857145
2019-01-16,3.7498542857142856
2019-01-17,3.727512857142857
2019-01-18,3.7051714285714286
2019-01-19,3.68283
2019-01-20,3.712087142857143
2019-01-21,3.741344285714286
2019-01-22,3.7706014285714287
2019-01-23,3.7998585714285715
2019-01-24,3.8291157142857144
2019-01-25,3.8583728571428573
2019-01-26,3.88763
2019-01-27,3.9862185714285716
2019-01-28,4.084807142857143
2019-01-29,4.183395714285714
2019-01-30,4.281984285714286
2019-01-31,4.380572857142857
2019-02-01,4.4791614285714285
2019-02-02,4.57775
2019-02-03,4.633427142857143
2019-02-04,4.6891042857142855
2019-02-05,4.744781428571429
2019-02-06,4.800458571428571
2019-02-07,4.856135714285714
2019-02-08,4.9118128571428565
2019-02-09,4.96749
2019-02-10,5.052632857142857
2019-02-11,5.137775714285714
2019-02-12,5.222918571428571
2019-02-13,5.3080614285714285
2019-02-14,5.393204285714286
2019-02-15,5.478347142857142
2019-02-16,5.56349
2019-02-17,5.60675
2019-02-18,5.65001
2019-02-19,5.69327
2019-02-20,5.73653
2019-02-21,5.77979
2019-02-22,5.82305
2019-02-23,5.86631
2019-02-24,5.825887142857143
2019-02-25,5.785464285714286
2019-02-26,5.745041428571429
2019-02-27,5.704618571428572
2019-02-28,5.6641957142857144
2019-03-01,5.623772857142858
2019-03-02,5.58335
2019-03-03,5.598831428571429
2019-03-04,5.614312857142857
2019-03-05,5.6297942857142855
2019-03-06,5.645275714285715
2019-03-07,5.660757142857143
2019-03-08,5.676238571428572
2019-03-09,5.69172
2019-03-10,5.592778571428571
2019-03-11,5.493837142857143
2019-03-12,5.394895714285714
2019-03-13,5.295954285714286
2019-03-14,5.197012857142857
2019-03-15,5.098071428571428
2019-03-16,4.99913
2019-03-17,4.841304285714286
2019-03-18,4.683478571428571
2019-03-19,4.525652857142857
2019-03-20,4.367827142857143
2019-03-21,4.210001428571429
2019-03-22,4.052175714285714
2019-03-23,3.89435
2019-03-24,3.7824185714285714
2019-03-25,3.670487142857143
2019-03-26,3.5585557142857143
2019-03-27,3.446624285714286
2019-03-28,3.334692857142857
2019-03-29,3.2227614285714283
2019-03-30,3.11083
2019-03-31,3.0925
2019-04-01,3.07417
2019-04-02,3.05584
2019-04-03,3.03751
2019-04-04,3.01918
2019-04-05,3.0008500000000002
2019-04-06,2.98252
2019-04-07,2.89218
2019-04-08,2.80184
2019-04-09,2.7115
2019-04-10,2.62116
2019-04-11,2.5308200000000003
2019-04-12,2.44048
2019-04-13,2.35014
2019-04-14,2.3500542857142857
2019-04-15,2.3499685714285716
2019-04-16,2.349882857142857
2019-04-17,2.349797142857143
2019-04-18,2.3497114285714287
2019-04-19,2.3496257142857147
2019-04-20,2.34954
2019-04-21,2.308311428571429
2019-04-22,2.2670828571428574
2019-04-23,2.225854285714286
2019-04-24,2.184625714285714
2019-04-25,2.143397142857143
2019-04-26,2.1021685714285714
2019-04-27,2.06094
2019-04-28,2.075908571428571
2019-04-29,2.090877142857143
2019-04-30,2.105845714285714
2019-05-01,2.1208142857142858
2019-05-02,2.135782857142857
2019-05-03,2.1507514285714286
2019-05-04,2.16572
2019-05-05,2.140942857142857
2019-05-06,2.116165714285714
2019-05-07,2.0913885714285714
2019-05-08,2.0666114285714285
2019-05-09,2.0418342857142857
2019-05-10,2.017057142857143
2019-05-11,1.99228
2019-05-12,1.99105
2019-05-13,1.9898200000000001
2019-05-14,1.98859
2019-05-15,1.98736
2019-05-16,1.98613
2019-05-17,1.9849
2019-05-18,1.98367
2019-05-19,1.9779900000000001
2019-05-20,1.97231
2019-05-21,1.96663
2019-05-22,1.96095
2019-05-23,1.95527
2019-05-24,1.94959
2019-05-25,1.94391
2019-05-26,1.9381257142857142
2019-05-27,1.9323414285714287
2019-05-28,1.9265571428571429
2019-05-29,1.920772857142857
2019-05-30,1.9149885714285713
2019-05-31,1.9092042857142857
2019-06-01,1.90342
2019-06-02,1.8821014285714284
2019-06-03,1.860782857142857
2019-06-04,1.8394642857142856
2019-06-05,1.8181457142857143
2019-06-06,1.7968271428571427
2019-06-07,1.7755085714285714
2019-06-08,1.75419
2019-06-09,1.6997542857142856
2019-06-10,1.6453185714285714
2019-06-11,1.590882857142857
2019-06-12,1.536447142857143
2019-06-13,1.4820114285714285
2019-06-14,1.4275757142857142
2019-06-15,1.37314
2019-06-16,1.3509114285714285
2019-06-17,1.3286828571428573
2019-06-18,1.3064542857142858
2019-06-19,1.2842257142857143
2019-06-20,1.2619971428571428
2019-06-21,1.2397685714285716
2019-06-22,1.21754
2019-06-23,1.2052685714285716
2019-06-24,1.1929971428571429
2019-06-25,1.1807257142857144
2019-06-26,1.1684542857142857
2019-06-27,1.1561828571428572
2019-06-28,1.1439114285714285
2019-06-29,1.13164
2019-06-30,1.1140771428571428
2019-07-01,1.0965142857142858
2019-07-02,1.0789514285714286
2019-07-03,1.0613885714285713
2019-07-04,1.0438257142857141
2019-07-05,1.0262628571428571
2019-07-06,1.0087
2019-07-07,0.9891168571428571
2019-07-08,0.9695337142857142
2019-07-09,0.9499505714285714
2019-07-10,0.9303674285714285
2019-07-11,0.9107842857142857
2019-07-12,0.8912011428571428
2019-07-13,0.871618
2019-07-14,0.8740334285714286
2019-07-15,0.8764488571428571
2019-07-16,0.8788642857142858
2019-07-17,0.8812797142857143
2019-07-18,0.8836951428571429
2019-07-19,0.8861105714285714
2019-07-20,0.888526
2019-07-21,0.8800928571428571
2019-07-22,0.8716597142857143
2019-07-23,0.8632265714285714
2019-07-24,0.8547934285714286
2019-07-25,0.8463602857142857
2019-07-26,0.8379271428571429
2019-07-27,0.829494
2019-07-28,0.8298355714285713
2019-07-29,0.8301771428571428
2019-07-30,0.8305187142857142
2019-07-31,0.8308602857142857
2019-08-01,0.8312018571428571
2019-08-02,0.8315434285714286
2019-08-03,0.831885
2019-08-04,0.8342538571428572
2019-08-05,0.8366227142857142
2019-08-06,0.8389915714285714
2019-08-07,0.8413604285714286
2019-08-08,0.8437292857142857
2019-08-09,0.8460981428571428
2019-08-10,0.848467
2019-08-11,0.8567837142857143
2019-08-12,0.8651004285714285
2019-08-13,0.8734171428571429
2019-08-14,0.8817338571428571
2019-08-15,0.8900505714285715
2019-08-16,0.8983672857142857
2019-08-17,0.906684
2019-08-18,0.9272320000000001
2019-08-19,0.94778
2019-08-20,0.968328
2019-08-21,0.988876
2019-08-22,1.0094239999999999
2019-08-23,1.0299719999999999
2019-08-24,1.05052
2019-08-25,1.0970557142857142
2019-08-26,1.1435914285714286
2019-08-27,1.190127142857143
2019-08-28,1.236662857142857
2019-08-29,1.2831985714285714
2019-08-30,1.3297342857142858
2019-08-31,1.37627
2019-09-01,1.406067142857143
2019-09-02,1.4358642857142858
2019-09-03,1.4656614285714287
2019-09-04,1.4954585714285715
2019-09-05,1.5252557142857144
2019-09-06,1.5550528571428572
2019-09-07,1.58485
2019-09-08,1.5938485714285715
2019-09-09,1.602847142857143
2019-09-10,1.6118457142857143
2019-09-11,1.6208442857142857
2019-09-12,1.6298428571428571
2019-09-13,1.6388414285714286
2019-09-14,1.64784
2019-09-15,1.6463057142857143
2019-09-16,1.6447714285714286
2019-09-17,1.6432371428571428
2019-09-18,1.6417028571428571
2019-09-19,1.6401685714285714
2019-09-20,1.6386342857142857
2019-09-21,1.6371
2019-09-22,1.63583
2019-09-23,1.63456
2019-09-24,1.63329
2019-09-25,1.63202
2019-09-26,1.63075
2019-09-27,1.62948
2019-09-28,1.62821
2019-09-29,1.653412857142857
2019-09-30,1.6786157142857143
2019-10-01,1.7038185714285714
2019-10-02,1.7290214285714285
2019-10-03,1.7542242857142856
2019-10-04,1.7794271428571429
2019-10-05,1.80463
2019-10-06,1.7984085714285714
2019-10-07,1.7921871428571428
2019-10-08,1.7859657142857142
2019-10-09,1.7797442857142858
2019-10-10,1.7735228571428572
2019-10-11,1.7673014285714286
2019-10-12,1.76108
2019-10-13,1.7789357142857143
2019-10-14,1.7967914285714286
2019-10-15,1.814647142857143
2019-10-16,1.832502857142857
2019-10-17,1.8503585714285713
2019-10-18,1.8682142857142856
2019-10-19,1.88607
2019-10-20,1.89933
2019-10-21,1.91259
2019-10-22,1.92585
2019-10-23,1.93911
2019-10-24,1.95237
2019-10-25,1.96563
2019-10-26,1.97889
2019-10-27,1.9868414285714286
2019-10-28,1.994792857142857
2019-10-29,2.002744285714286
2019-10-30,2.0106957142857143
2019-10-31,2.0186471428571426
2019-11-01,2.0265985714285715
2019-11-02,2.03455
2019-11-03,2.0475142857142856
2019-11-04,2.0604785714285714
2019-11-05,2.073442857142857
2019-11-06,2.086407142857143
2019-11-07,2.0993714285714287
2019-11-08,2.1123357142857144
2019-11-09,2.1253
2019-11-10,2.1574985714285715
2019-11-11,2.1896971428571432
2019-11-12,2.2218957142857145
2019-11-13,2.254094285714286
2019-11-14,2.286292857142857
2019-11-15,2.318491428571429
2019-11-16,2.35069
2019-11-17,2.3815114285714287
2019-11-18,2.4123328571428573
2019-11-19,2.443154285714286
2019-11-20,2.4739757142857144
2019-11-21,2.504797142857143
2019-11-22,2.5356185714285715
2019-11-23,2.56644
2019-11-24,2.6565285714285714
2019-11-25,2.746617142857143
2019-11-26,2.8367057142857144
2019-11-27,2.9267942857142857
2019-11-28,3.016882857142857
2019-11-29,3.1069714285714287
2019-11-30,3.19706
2019-12-01,3.1648742857142858
2019-12-02,3.1326885714285715
2019-12-03,3.1005028571428572
2019-12-04,3.068317142857143
2019-12-05,3.0361314285714287
2019-12-06,3.0039457142857144
2019-12-07,2.97176
2019-12-08,3.064231428571429
2019-12-09,3.1567028571428573
2019-12-10,3.249174285714286
2019-12-11,3.3416457142857143
2019-12-12,3.434117142857143
2019-12-13,3.5265885714285714
2019-12-14,3.61906
2019-12-15,3.73413
2019-12-16,3.8492
2019-12-17,3.96427
2019-12-18,4.07934
2019-12-19,4.19441
2019-12-20,4.30948
2019-12-21,4.42455
2019-12-22,4.6907185714285715
2019-12-23,4.956887142857143
2019-12-24,5.223055714285715
2019-12-25,5.489224285714286
2019-12-26,5.755392857142857
2019-12-27,6.021561428571428
2019-12-28,6.28773
2019-12-29,6.223574285714285
2019-12-30,6.159418571428572
2019-12-31,6.095262857142857
2020-01-01,6.0311071428571426
2020-01-02,5.966951428571428
2020-01-03,5.902795714285714
2020-01-04,5.83864
2020-01-05,5.752542857142857
2020-01-06,5.6664457142857145
2020-01-07,5.580348571428572
2020-01-08,5.494251428571428
2020-01-09,5.408154285714286
2020-01-10,5.322057142857143
2020-01-11,5.23596
2020-01-12,5.288718571428571
2020-01-13,5.341477142857143
2020-01-14,5.394235714285714
2020-01-15,5.446994285714286
2020-01-16,5.499752857142857
2020-01-17,5.552511428571429
2020-01-18,5.60527
2020-01-19,5.739977142857143
2020-01-20,5.874684285714285
2020-01-21,6.009391428571428
2020-01-22,6.144098571428572
2020-01-23,6.278805714285714
2020-01-24,6.413512857142857
2020-01-25,6.54822
2020-01-26,6.589664285714285
2020-01-27,6.631108571428571
2020-01-28,6.672552857142857
2020-01-29,6.713997142857143
2020-01-30,6.755441428571428
2020-01-31,6.796885714285715
2020-02-01,6.83833
2020-02-02,6.81917
2020-02-03,6.80001
2020-02-04,6.78085
2020-02-05,6.76169
2020-02-06,6.7425299999999995
2020-02-07,6.72337
2020-02-08,6.70421
2020-02-09,6.584508571428572
2020-02-10,6.4648071428571425
2020-02-11,6.345105714285714
2020-02-12,6.225404285714285
2020-02-13,6.105702857142857
2020-02-14,5.986001428571429
2020-02-15,5.8663
2020-02-16,5.80837
2020-02-17,5.75044
2020-02-18,5.69251
2020-02-19,5.63458
2020-02-20,5.57665
2020-02-21,5.51872
2020-02-22,5.46079
2020-02-23,5.395835714285714
2020-02-24,5.330881428571429
2020-02-25,5.265927142857143
2020-02-26,5.200972857142857
2020-02-27,5.136018571428571
2020-02-28,5.071064285714286
2020-02-29,5.00611
2020-03-01,5.040845714285714
2020-03-02,5.075581428571428
2020-03-03,5.110317142857142
2020-03-04,5.145052857142857
2020-03-05,5.179788571428571
2020-03-06,5.214524285714285
2020-03-07,5.24926
2020-03-08,5.401857142857143
2020-03-09,5.554454285714286
2020-03-10,5.707051428571429
2020-03-11,5.859648571428571
2020-03-12,6.012245714285714
2020-03-13,6.164842857142857
2020-03-14,6.31744
2020-03-15,6.306494285714286
2020-03-16,6.295548571428572
2020-03-17,6.284602857142858
2020-03-18,6.273657142857143
2020-03-19,6.2627114285714285
2020-03-20,6.251765714285715
2020-03-21,6.24082
2020-03-22,5.920881428571429
2020-03-23,5.600942857142857
2020-03-24,5.281004285714285
2020-03-25,4.961065714285715
2020-03-26,4.641127142857142
2020-03-27,4.321188571428571
2020-03-28,4.00125
2020-03-29,3.850872857142857
2020-03-30,3.700495714285714
2020-03-31,3.5501185714285715
2020-04-01,3.3997414285714287
2020-04-02,3.249364285714286
2020-04-03,3.0989871428571427
2020-04-04,2.94861
2020-04-05,2.823187142857143
2020-04-06,2.697764285714286
2020-04-07,2.572341428571429
2020-04-08,2.4469185714285713
2020-04-09,2.3214957142857147
2020-04-10,2.196072857142857
2020-04-11,2.07065
2020-04-12,1.9721242857142858
2020-04-13,1.8735985714285714
2020-04-14,1.7750728571428573
2020-04-15,1.6765471428571428
2020-04-16,1.5780214285714287
2020-04-17,1.4794957142857144
2020-04-18,1.38097
2020-04-19,1.3592457142857144
2020-04-20,1.3375214285714285
2020-04-21,1.3157971428571429
2020-04-22,1.2940728571428572
2020-04-23,1.2723485714285716
2020-04-24,1.2506242857142857
2020-04-25,1.2289
2020-04-26,1.178231142857143
2020-04-27,1.1275622857142857
2020-04-28,1.0768934285714287
2020-04-29,1.0262245714285716
2020-04-30,0.9755557142857143
2020-05-01,0.9248868571428572
2020-05-02,0.874218
2020-05-03,0.8607251428571429
2020-05-04,0.8472322857142858
2020-05-05,0.8337394285714286
2020-05-06,0.8202465714285715
2020-05-07,0.8067537142857143
2020-05-08,0.7932608571428572
2020-05-09,0.779768
2020-05-10,0.7708288571428572
2020-05-11,0.7618897142857143
2020-05-12,0.7529505714285715
2020-05-13,0.7440114285714285
2020-05-14,0.7350722857142857
2020-05-15,0.7261331428571429
2020-05-16,0.717194
2020-05-17,0.7028678571428572
2020-05-18,0.6885417142857143
2020-05-19,0.6742155714285715
2020-05-20,0.6598894285714285
2020-05-21,0.6455632857142857
2020-05-22,0.6312371428571428
2020-05-23,0.616911
2020-05-24,0.6189862857142857
2020-05-25,0.6210615714285714
2020-05-26,0.6231368571428572
2020-05-27,0.6252121428571429
2020-05-28,0.6272874285714286
2020-05-29,0.6293627142857143
2020-05-30,0.631438
2020-05-31,0.6120171428571429
2020-06-01,0.5925962857142858
2020-06-02,0.5731754285714286
2020-06-03,0.5537545714285714
2020-06-04,0.5343337142857143
2020-06-05,0.5149128571428572
2020-06-06,0.495492
2020-06-07,0.4944155714285714
2020-06-08,0.49333914285714286
2020-06-09,0.4922627142857143
2020-06-10,0.4911862857142857
2020-06-11,0.4901098571428571
2020-06-12,0.48903342857142856
2020-06-13,0.487957
2020-06-14,0.4908495714285714
2020-06-15,0.49374214285714285
2020-06-16,0.49663471428571426
2020-06-17,0.49952728571428573
2020-06-18,0.5024198571428572
2020-06-19,0.5053124285714286
2020-06-20,0.508205
2020-06-21,0.5146187142857143
2020-06-22,0.5210324285714286
2020-06-23,0.5274461428571429
2020-06-24,0.5338598571428571
2020-06-25,0.5402735714285714
2020-06-26,0.5466872857142857
2020-06-27,0.553101
2020-06-28,0.564724
2020-06-29,0.5763469999999999
2020-06-30,0.58797
2020-07-01,0.5995929999999999
2020-07-02,0.611216
2020-07-03,0.6228389999999999
2020-07-04,0.634462
2020-07-05,0.6400595714285714
2020-07-06,0.6456571428571428
2020-07-07,0.6512547142857142
2020-07-08,0.6568522857142858
2020-07-09,0.6624498571428572
2020-07-10,0.6680474285714286
2020-07-11,0.673645
2020-07-12,0.6618771428571429
2020-07-13,0.6501092857142857
2020-07-14,0.6383414285714286
2020-07-15,0.6265735714285714
2020-07-16,0.6148057142857143
2020-07-17,0.6030378571428572
2020-07-18,0.59127
2020-07-19,0.5933815714285714
2020-07-20,0.5954931428571428
2020-07-21,0.5976047142857143
2020-07-22,0.5997162857142857
2020-07-23,0.6018278571428571
2020-07-24,0.6039394285714286
2020-07-25,0.606051
2020-07-26,0.6027574285714286
2020-07-27,0.5994638571428571
2020-07-28,0.5961702857142857
2020-07-29,0.5928767142857143
2020-07-30,0.5895831428571429
2020-07-31,0.5862895714285714
2020-08-01,0.582996
2020-08-02,0.5787775714285714
2020-08-03,0.5745591428571428
2020-08-04,0.5703407142857143
2020-08-05,0.5661222857142857
2020-08-06,0.5619038571428572
2020-08-07,0.5576854285714286
2020-08-08,0.553467
2020-08-09,0.5708975714285714
2020-08-10,0.5883281428571429
2020-08-11,0.6057587142857144
2020-08-12,0.6231892857142858
2020-08-13,0.6406198571428572
2020-08-14,0.6580504285714286
2020-08-15,0.675481
2020-08-16,0.6603761428571429
2020-08-17,0.6452712857142857
2020-08-18,0.6301664285714286
2020-08-19,0.6150615714285714
2020-08-20,0.5999567142857143
2020-08-21,0.5848518571428571
2020-08-22,0.569747
2020-08-23,0.5661415714285715
2020-08-24,0.5625361428571428
2020-08-25,0.5589307142857143
2020-08-26,0.5553252857142857
2020-08-27,0.5517198571428572
2020-08-28,0.5481144285714286
2020-08-29,0.544509
2020-08-30,0.5603980000000001
2020-08-31,0.576287
2020-09-01,0.592176
2020-09-02,0.608065
2020-09-03,0.623954
2020-09-04,0.6398429999999999
2020-09-05,0.655732
2020-09-06,0.6703957142857143
2020-09-07,0.6850594285714285
2020-09-08,0.6997231428571429
2020-09-09,0.7143868571428571
2020-09-10,0.7290505714285714
2020-09-11,0.7437142857142858
2020-09-12,0.758378
2020-09-13,0.762386
2020-09-14,0.766394
2020-09-15,0.770402
2020-09-16,0.7744099999999999
2020-09-17,0.7784179999999999
2020-09-18,0.782426
2020-09-19,0.786434
2020-09-20,0.8082528571428571
2020-09-21,0.8300717142857142
2020-09-22,0.8518905714285714
2020-09-23,0.8737094285714285
2020-09-24,0.8955282857142857
2020-09-25,0.9173471428571428
2020-09-26,0.939166
2020-09-27,0.9359041428571429
2020-09-28,0.9326422857142856
2020-09-29,0.9293804285714286
2020-09-30,0.9261185714285713
2020-10-01,0.9228567142857143
2020-10-02,0.919594857142857
2020-10-03,0.916333
2020-10-04,0.9441711428571428
2020-10-05,0.9720092857142857
2020-10-06,0.9998474285714285
2020-10-07,1.0276855714285713
2020-10-08,1.0555237142857143
2020-10-09,1.0833618571428572
2020-10-10,1.1112
2020-10-11,1.0962885714285715
2020-10-12,1.0813771428571428
2020-10-13,1.0664657142857144
2020-10-14,1.0515542857142857
2020-10-15,1.0366428571428572
2020-10-16,1.0217314285714285
2020-10-17,1.00682
2020-10-18,1.0226185714285714
2020-10-19,1.038417142857143
2020-10-20,1.0542157142857143
2020-10-21,1.0700142857142858
2020-10-22,1.0858128571428571
2020-10-23,1.1016114285714287
2020-10-24,1.11741
2020-10-25,1.1448657142857144
2020-10-26,1.1723214285714285
2020-10-27,1.1997771428571429
2020-10-28,1.2272328571428572
2020-10-29,1.2546885714285716
2020-10-30,1.2821442857142857
2020-10-31,1.3096
2020-11-01,1.3097085714285714
2020-11-02,1.309817142857143
2020-11-03,1.3099257142857144
2020-11-04,1.3100342857142857
2020-11-05,1.310142857142857
2020-11-06,1.3102514285714286
2020-11-07,1.31036
2020-11-08,1.30418
2020-11-09,1.298
2020-11-10,1.29182
2020-11-11,1.28564
2020-11-12,1.2794599999999998
2020-11-13,1.27328
2020-11-14,1.2671
2020-11-15,1.2549671428571427
2020-11-16,1.2428342857142856
2020-11-17,1.2307014285714284
2020-11-18,1.2185685714285714
2020-11-19,1.2064357142857143
2020-11-20,1.194302857142857
2020-11-21,1.18217
2020-11-22,1.1609742857142857
2020-11-23,1.1397785714285713
2020-11-24,1.118582857142857
2020-11-25,1.097387142857143
2020-11-26,1.0761914285714287
2020-11-27,1.0549957142857143
2020-11-28,1.0338
2020-11-29,1.0243254285714287
2020-11-30,1.0148508571428572
2020-12-01,1.0053762857142856
2020-12-02,0.9959017142857143
2020-12-03,0.9864271428571428
2020-12-04,0.9769525714285714
2020-12-05,0.967478
2020-12-06,0.9579224285714285
2020-12-07,0.9483668571428571
2020-12-08,0.9388112857142856
2020-12-09,0.9292557142857143
2020-12-10,0.9197001428571429
2020-12-11,0.9101445714285714
2020-12-12,0.900589
2020-12-13,0.8908178571428571
2020-12-14,0.8810467142857142
2020-12-15,0.8712755714285714
2020-12-16,0.8615044285714286
2020-12-17,0.8517332857142857
2020-12-18,0.8419621428571429
2020-12-19,0.832191
2020-12-20,0.8331815714285714
2020-12-21,0.8341721428571429
2020-12-22,0.8351627142857143
2020-12-23,0.8361532857142857
2020-12-24,0.8371438571428571
2020-12-25,0.8381344285714286
2020-12-26,0.839125
2020-12-27,0.836158
2020-12-28,0.833191
2020-12-29,0.830224
2020-12-30,0.827257
2020-12-31,0.82429
2021-01-01,0.821323
2021-01-02,0.818356
2021-01-03,0.8092205714285714
2021-01-04,0.8000851428571428
2021-01-05,0.7909497142857143
2021-01-06,0.7818142857142857
2021-01-07,0.7726788571428571
2021-01-08,0.7635434285714285
2021-01-09,0.754408
2021-01-10,0.752042
2021-01-11,0.749676
2021-01-12,0.74731
2021-01-13,0.7449439999999999
2021-01-14,0.742578
2021-01-15,0.740212
2021-01-16,0.737846
2021-01-17,0.7526844285714286
2021-01-18,0.7675228571428572
2021-01-19,0.7823612857142858
2021-01-20,0.7971997142857142
2021-01-21,0.8120381428571428
2021-01-22,0.8268765714285714
2021-01-23,0.841715
2021-01-24,0.8242632857142858
2021-01-25,0.8068115714285714
2021-01-26,0.7893598571428572
2021-01-27,0.7719081428571428
2021-01-28,0.7544564285714286
2021-01-29,0.7370047142857142
2021-01-30,0.719553
2021-01-31,0.7174522857142858
2021-02-01,0.7153515714285714
2021-02-02,0.7132508571428572
2021-02-03,0.7111501428571428
2021-02-04,0.7090494285714286
2021-02-05,0.7069487142857143
2021-02-06,0.704848
2021-02-07,0.7175074285714286
2021-02-08,0.7301668571428571
2021-02-09,0.7428262857142857
2021-02-10,0.7554857142857143
2021-02-11,0.7681451428571429
2021-02-12,0.7808045714285714
2021-02-13,0.793464
2021-02-14,0.7895292857142857
2021-02-15,0.7855945714285714
2021-02-16,0.7816598571428571
2021-02-17,0.7777251428571428
2021-02-18,0.7737904285714285
2021-02-19,0.7698557142857142
2021-02-20,0.765921
2021-02-21,0.7542781428571428
2021-02-22,0.7426352857142857
2021-02-23,0.7309924285714285
2021-02-24,0.7193495714285714
2021-02-25,0.7077067142857142
2021-02-26,0.6960638571428571
2021-02-27,0.684421
2021-02-28,0.6770704285714285
2021-03-01,0.6697198571428571
2021-03-02,0.6623692857142857
2021-03-03,0.6550187142857142
2021-03-04,0.6476681428571428
2021-03-05,0.6403175714285714
2021-03-06,0.632967
2021-03-07,0.6541551428571428
2021-03-08,0.6753432857142857
2021-03-09,0.6965314285714286
2021-03-10,0.7177195714285713
2021-03-11,0.7389077142857142
2021-03-12,0.7600958571428571
2021-03-13,0.781284
2021-03-14,0.7667134285714285
2021-03-15,0.7521428571428571
2021-03-16,0.7375722857142857
2021-03-17,0.7230017142857142
2021-03-18,0.7084311428571428
2021-03-19,0.6938605714285714
2021-03-20,0.67929
2021-03-21,0.6737587142857142
2021-03-22,0.6682274285714286
2021-03-23,0.6626961428571428
2021-03-24,0.6571648571428571
2021-03-25,0.6516335714285714
2021-03-26,0.6461022857142857
2021-03-27,0.640571
2021-03-28,0.6568498571428572
2021-03-29,0.6731287142857143
2021-03-30,0.6894075714285715
2021-03-31,0.7056864285714286
2021-04-01,0.7219652857142858
2021-04-02,0.7382441428571429
2021-04-03,0.754523
2021-04-04,0.7591427142857143
2021-04-05,0.7637624285714286
2021-04-06,0.7683821428571429
2021-04-07,0.7730018571428572
2021-04-08,0.7776215714285715
2021-04-09,0.7822412857142858
2021-04-10,0.786861
2021-04-11,0.7832427142857143
2021-04-12,0.7796244285714286
2021-04-13,0.7760061428571429
2021-04-14,0.7723878571428572
2021-04-15,0.7687695714285715
2021-04-16,0.7651512857142857
2021-04-17,0.761533
2021-04-18,0.7686768571428572
2021-04-19,0.7758207142857143
2021-04-20,0.7829645714285715
2021-04-21,0.7901084285714286
2021-04-22,0.7972522857142857
2021-04-23,0.8043961428571429
2021-04-24,0.81154
2021-04-25,0.8251004285714286
2021-04-26,0.8386608571428572
2021-04-27,0.8522212857142858
2021-04-28,0.8657817142857143
2021-04-29,0.8793421428571428
2021-04-30,0.8929025714285714
2021-05-01,0.906463
2021-05-02,0.9055455714285714
2021-05-03,0.9046281428571429
2021-05-04,0.9037107142857143
2021-05-05,0.9027932857142857
2021-05-06,0.9018758571428571
2021-05-07,0.9009584285714286
2021-05-08,0.900041
2021-05-09,0.9107952857142857
2021-05-10,0.9215495714285714
2021-05-11,0.9323038571428571
2021-05-12,0.9430581428571428
2021-05-13,0.9538124285714286
2021-05-14,0.9645667142857143
2021-05-15,0.975321
2021-05-16,0.9786751428571429
2021-05-17,0.9820292857142857
2021-05-18,0.9853834285714286
2021-05-19,0.9887375714285714
2021-05-20,0.9920917142857143
2021-05-21,0.9954458571428572
2021-05-22,0.9988
2021-05-23,0.9947858571428572
2021-05-24,0.9907717142857143
2021-05-25,0.9867575714285715
2021-05-26,0.9827434285714286
2021-05-27,0.9787292857142857
2021-05-28,0.9747151428571429
2021-05-29,0.970701
2021-05-30,0.9932337142857143
2021-05-31,1.0157664285714285
2021-06-01,1.0382991428571429
2021-06-02,1.0608318571428572
2021-06-03,1.0833645714285716
2021-06-04,1.1058972857142857
2021-06-05,1.12843
2021-06-06,1.1264342857142857
2021-06-07,1.1244385714285714
2021-06-08,1.122442857142857
2021-06-09,1.120447142857143
2021-06-10,1.1184514285714287
2021-06-11,1.1164557142857143
2021-06-12,1.11446
2021-06-13,1.0990071428571428
2021-06-14,1.0835542857142857
2021-06-15,1.0681014285714285
2021-06-16,1.0526485714285714
2021-06-17,1.0371957142857142
2021-06-18,1.021742857142857
2021-06-19,1.00629
2021-06-20,1.0186042857142856
2021-06-21,1.0309185714285714
2021-06-22,1.043232857142857
2021-06-23,1.0555471428571428
2021-06-24,1.0678614285714285
2021-06-25,1.0801757142857142
2021-06-26,1.09249
2021-06-27,1.0928571428571427
2021-06-28,1.0932242857142858
2021-06-29,1.0935914285714285
2021-06-30,1.0939585714285713
2021-07-01,1.0943257142857141
2021-07-02,1.0946928571428571
2021-07-03,1.09506
2021-07-04,1.0935357142857143
2021-07-05,1.0920114285714284
2021-07-06,1.0904871428571428
2021-07-07,1.0889628571428571
2021-07-08,1.0874385714285715
2021-07-09,1.0859142857142856
2021-07-10,1.08439
2021-07-11,1.0901985714285714
2021-07-12,1.096007142857143
2021-07-13,1.1018157142857143
2021-07-14,1.1076242857142857
2021-07-15,1.1134328571428571
2021-07-16,1.1192414285714287
2021-07-17,1.12505
2021-07-18,1.1457171428571429
2021-07-19,1.1663842857142859
2021-07-20,1.1870514285714286
2021-07-21,1.2077185714285714
2021-07-22,1.2283857142857142
2021-07-23,1.2490528571428572
2021-07-24,1.26972
2021-07-25,1.2605742857142856
2021-07-26,1.2514285714285713
2021-07-27,1.242282857142857
2021-07-28,1.233137142857143
2021-07-29,1.2239914285714286
2021-07-30,1.2148457142857143
2021-07-31,1.2057
2021-08-01,1.1979328571428571
2021-08-02,1.1901657142857143
2021-08-03,1.1823985714285714
2021-08-04,1.1746314285714285
2021-08-05,1.1668642857142857
2021-08-06,1.1590971428571428
2021-08-07,1.15133
2021-08-08,1.1642471428571428
2021-08-09,1.1771642857142857
2021-08-10,1.1900814285714285
2021-08-11,1.2029985714285714
2021-08-12,1.2159157142857142
2021-08-13,1.228832857142857
2021-08-14,1.24175
2021-08-15,1.2698142857142856
2021-08-16,1.2978785714285714
2021-08-17,1.325942857142857
2021-08-18,1.3540071428571427
2021-08-19,1.3820714285714284
2021-08-20,1.4101357142857143
2021-08-21,1.4382
2021-08-22,1.4961785714285714
2021-08-23,1.5541571428571428
2021-08-24,1.6121357142857142
2021-08-25,1.6701142857142857
2021-08-26,1.728092857142857
2021-08-27,1.7860714285714285
2021-08-28,1.84405
2021-08-29,1.8822071428571427
2021-08-30,1.9203642857142857
2021-08-31,1.9585214285714285
2021-09-01,1.9966785714285713
2021-09-02,2.0348357142857143
2021-09-03,2.072992857142857
2021-09-04,2.11115
2021-09-05,2.1116442857142856
2021-09-06,2.1121385714285714
2021-09-07,2.112632857142857
2021-09-08,2.1131271428571425
2021-09-09,2.1136214285714283
2021-09-10,2.114115714285714
2021-09-11,2.11461
2021-09-12,2.0873671428571425
2021-09-13,2.0601242857142856
2021-09-14,2.0328814285714287
2021-09-15,2.0056385714285714
2021-09-16,1.9783957142857143
2021-09-17,1.9511528571428571
2021-09-18,1.92391
2021-09-19,1.9254014285714285
2021-09-20,1.9268928571428572
2021-09-21,1.9283842857142857
2021-09-22,1.9298757142857144
2021-09-23,1.9313671428571428
2021-09-24,1.9328585714285715
2021-09-25,1.93435
2021-09-26,1.9402685714285715
2021-09-27,1.946187142857143
2021-09-28,1.9521057142857143
2021-09-29,1.9580242857142858
2021-09-30,1.9639428571428572
2021-10-01,1.9698614285714287
2021-10-02,1.97578
2021-10-03,1.9731742857142858
2021-10-04,1.9705685714285714
2021-10-05,1.9679628571428571
2021-10-06,1.965357142857143
2021-10-07,1.9627514285714287
2021-10-08,1.9601457142857144
2021-10-09,1.95754
2021-10-10,1.9867814285714287
2021-10-11,2.016022857142857
2021-10-12,2.045264285714286
2021-10-13,2.0745057142857144
2021-10-14,2.103747142857143
2021-10-15,2.1329885714285717
2021-10-16,2.16223
2021-10-17,2.159721428571429
2021-10-18,2.157212857142857
2021-10-19,2.1547042857142857
2021-10-20,2.1521957142857144
2021-10-21,2.149687142857143
2021-10-22,2.1471785714285714
2021-10-23,2.14467
2021-10-24,2.1464028571428573
2021-10-25,2.1481357142857145
2021-10-26,2.1498685714285717
2021-10-27,2.1516014285714284
2021-10-28,2.1533342857142856
2021-10-29,2.155067142857143
2021-10-30,2.1568
2021-10-31,2.19597
2021-11-01,2.23514
2021-11-02,2.27431
2021-11-03,2.31348
2021-11-04,2.35265
2021-11-05,2.39182
2021-11-06,2.43099
2021-11-07,2.4279185714285716
2021-11-08,2.4248471428571428
2021-11-09,2.4217757142857144
2021-11-10,2.4187042857142855
2021-11-11,2.415632857142857
2021-11-12,2.4125614285714283
2021-11-13,2.40949
2021-11-14,2.428492857142857
2021-11-15,2.447495714285714
2021-11-16,2.466498571428571
2021-11-17,2.4855014285714288
2021-11-18,2.504504285714286
2021-11-19,2.523507142857143
2021-11-20,2.54251
2021-11-21,2.5417071428571427
2021-11-22,2.540904285714286
2021-11-23,2.5401014285714285
2021-11-24,2.5392985714285716
2021-11-25,2.5384957142857143
2021-11-26,2.5376928571428574
2021-11-27,2.53689
2021-11-28,2.506407142857143
2021-11-29,2.475924285714286
2021-11-30,2.4454414285714288
2021-12-01,2.4149585714285715
2021-12-02,2.3844757142857143
2021-12-03,2.3539928571428574
2021-12-04,2.32351
2021-12-05,2.3438242857142857
2021-12-06,2.3641385714285716
2021-12-07,2.384452857142857
2021-12-08,2.404767142857143
2021-12-09,2.4250814285714286
2021-12-10,2.4453957142857146
2021-12-11,2.46571
2021-12-12,2.511154285714286
2021-12-13,2.5565985714285713
2021-12-14,2.602042857142857
2021-12-15,2.647487142857143
2021-12-16,2.6929314285714288
2021-12-17,2.738375714285714
2021-12-18,2.78382
2021-12-19,2.8813171428571427
2021-12-20,2.978814285714286
2021-12-21,3.0763114285714286
2021-12-22,3.1738085714285713
2021-12-23,3.271305714285714
2021-12-24,3.368802857142857
2021-12-25,3.4663
2021-12-26,3.573272857142857
2021-12-27,3.6802457142857143
2021-12-28,3.7872185714285713
2021-12-29,3.8941914285714287
2021-12-30,4.001164285714286
2021-12-31,4.108137142857143
2022-01-01,4.21511
2022-01-02,4.123974285714286
2022-01-03,4.032838571428572
2022-01-04,3.9417028571428574
2022-01-05,3.850567142857143
2022-01-06,3.7594314285714288
2022-01-07,3.6682957142857147
2022-01-08,3.57716
2022-01-09,3.508011428571429
2022-01-10,3.438862857142857
2022-01-11,3.3697142857142857
2022-01-12,3.3005657142857143
2022-01-13,3.231417142857143
2022-01-14,3.162268571428571
2022-01-15,3.09312
2022-01-16,3.0223899999999997
2022-01-17,2.95166
2022-01-18,2.8809299999999998
2022-01-19,2.8102
2022-01-20,2.73947
2022-01-21,2.66874
2022-01-22,2.59801
2022-01-23,2.511312857142857
2022-01-24,2.4246157142857143
2022-01-25,2.3379185714285713
2022-01-26,2.2512214285714287
2022-01-27,2.1645242857142857
2022-01-28,2.077827142857143
2022-01-29,1.99113
2022-01-30,1.9233371428571429
2022-01-31,1.8555442857142859
2022-02-01,1.7877514285714287
2022-02-02,1.7199585714285714
2022-02-03,1.6521657142857142
2022-02-04,1.5843728571428572
2022-02-05,1.51658
2022-02-06,1.5131828571428572
2022-02-07,1.5097857142857143
2022-02-08,1.5063885714285714
2022-02-09,1.5029914285714285
2022-02-10,1.4995942857142857
2022-02-11,1.4961971428571428
2022-02-12,1.4928
2022-02-13,1.5031471428571428
2022-02-14,1.5134942857142857
2022-02-15,1.5238414285714286
2022-02-16,1.5341885714285712
2022-02-17,1.5445357142857141
2022-02-18,1.554882857142857
2022-02-19,1.56523
2022-02-20,1.5897899999999998
2022-02-21,1.61435
2022-02-22,1.6389099999999999
2022-02-23,1.66347
2022-02-24,1.68803
2022-02-25,1.71259
2022-02-26,1.73715
2022-02-27,1.76516
2022-02-28,1.79317
2022-03-01,1.82118
2022-03-02,1.84919
2022-03-03,1.8772
2022-03-04,1.9052099999999998
2022-03-05,1.93322
2022-03-06,1.9740185714285714
2022-03-07,2.014817142857143
2022-03-08,2.055615714285714
2022-03-09,2.096414285714286
2022-03-10,2.137212857142857
2022-03-11,2.1780114285714287
2022-03-12,2.21881
2022-03-13,2.2427842857142855
2022-03-14,2.2667585714285714
2022-03-15,2.290732857142857
2022-03-16,2.314707142857143
2022-03-17,2.3386814285714284
2022-03-18,2.3626557142857143
2022-03-19,2.38663
2022-03-20,2.4140485714285713
2022-03-21,2.441467142857143
2022-03-22,2.4688857142857144
2022-03-23,2.4963042857142854
2022-03-24,2.523722857142857
2022-03-25,2.5511414285714284
2022-03-26,2.57856
2022-03-27,2.5619985714285716
2022-03-28,2.5454371428571427
2022-03-29,2.5288757142857143
2022-03-30,2.5123142857142855
2022-03-31,2.495752857142857
2022-04-01,2.4791914285714283
2022-04-02,2.46263
2022-04-03,2.469245714285714
2022-04-04,2.4758614285714287
2022-04-05,2.482477142857143
2022-04-06,2.489092857142857
2022-04-07,2.495708571428571
2022-04-08,2.502324285714286
2022-04-09,2.50894
2022-04-10,2.5155485714285715
2022-04-11,2.522157142857143
2022-04-12,2.5287657142857145
2022-04-13,2.5353742857142856
2022-04-14,2.541982857142857
2022-04-15,2.5485914285714286
2022-04-16,2.5552
2022-04-17,2.603227142857143
2022-04-18,2.651254285714286
2022-04-19,2.6992814285714286
2022-04-20,2.7473085714285714
2022-04-21,2.7953357142857143
2022-04-22,2.843362857142857
2022-04-23,2.89139
2022-04-24,2.870684285714286
2022-04-25,2.8499785714285713
2022-04-26,2.829272857142857
2022-04-27,2.8085671428571426
2022-04-28,2.7878614285714285
2022-04-29,2.767155714285714
2022-04-30,2.74645
2022-05-01,2.7655742857142855
2022-05-02,2.7846985714285712
2022-05-03,2.803822857142857
2022-05-04,2.822947142857143
2022-05-05,2.842071428571429
2022-05-06,2.8611957142857145
2022-05-07,2.88032
2022-05-08,2.8451585714285716
2022-05-09,2.809997142857143
2022-05-10,2.7748357142857145
2022-05-11,2.7396742857142855
2022-05-12,2.704512857142857
2022-05-13,2.6693514285714284
2022-05-14,2.63419
2022-05-15,2.6188942857142856
2022-05-16,2.6035985714285714
2022-05-17,2.5883028571428572
2022-05-18,2.5730071428571426
2022-05-19,2.5577114285714284
2022-05-20,2.5424157142857142
2022-05-21,2.52712
2022-05-22,2.508164285714286
2022-05-23,2.489208571428571
2022-05-24,2.470252857142857
2022-05-25,2.451297142857143
2022-05-26,2.4323414285714287
2022-05-27,2.413385714285714
2022-05-28,2.39443
2022-05-29,2.3692971428571425
2022-05-30,2.3441642857142857
2022-05-31,2.3190314285714284
2022-06-01,2.2938985714285716
2022-06-02,2.2687657142857143
2022-06-03,2.2436328571428574
2022-06-04,2.2185
2022-06-05,2.162714285714286
2022-06-06,2.1069285714285715
2022-06-07,2.051142857142857
2022-06-08,1.995357142857143
2022-06-09,1.9395714285714287
2022-06-10,1.8837857142857144
2022-06-11,1.828
2022-06-12,1.7752485714285715
2022-06-13,1.722497142857143
2022-06-14,1.6697457142857144
2022-06-15,1.6169942857142856
2022-06-16,1.564242857142857
2022-06-17,1.5114914285714285
2022-06-18,1.45874
2022-06-19,1.4310271428571428
2022-06-20,1.4033142857142857
2022-06-21,1.3756014285714286
2022-06-22,1.3478885714285713
2022-06-23,1.3201757142857142
2022-06-24,1.2924628571428571
2022-06-25,1.26475
2022-06-26,1.2400785714285714
2022-06-27,1.215407142857143
2022-06-28,1.1907357142857142
2022-06-29,1.1660642857142858
2022-06-30,1.141392857142857
2022-07-01,1.1167214285714286
2022-07-02,1.09205
2022-07-03,1.1080471428571428
2022-07-04,1.1240442857142856
2022-07-05,1.1400414285714284
2022-07-06,1.1560385714285715
2022-07-07,1.1720357142857143
2022-07-08,1.1880328571428571
2022-07-09,1.20403
2022-07-10,1.1798728571428572
2022-07-11,1.1557157142857142
2022-07-12,1.1315585714285714
2022-07-13,1.1074014285714284
2022-07-14,1.0832442857142857
2022-07-15,1.059087142857143
2022-07-16,1.03493
2022-07-17,1.0357299999999998
2022-07-18,1.03653
2022-07-19,1.0373299999999999
2022-07-20,1.03813
2022-07-21,1.03893
2022-07-22,1.03973
2022-07-23,1.04053
2022-07-24,1.0438185714285715
2022-07-25,1.0471071428571428
2022-07-26,1.0503957142857143
2022-07-27,1.0536842857142856
2022-07-28,1.0569728571428572
2022-07-29,1.0602614285714285
2022-07-30,1.06355
2022-07-31,1.0501172857142858
2022-08-01,1.0366845714285715
2022-08-02,1.023251857142857
2022-08-03,1.0098191428571428
2022-08-04,0.9963864285714286
2022-08-05,0.9829537142857143
2022-08-06,0.969521
2022-08-07,0.9703501428571428
2022-08-08,0.9711792857142857
2022-08-09,0.9720084285714286
2022-08-10,0.9728375714285714
2022-08-11,0.9736667142857143
2022-08-12,0.9744958571428571
2022-08-13,0.975325
2022-08-14,0.9829528571428572
2022-08-15,0.9905807142857143
2022-08-16,0.9982085714285714
2022-08-17,1.0058364285714285
2022-08-18,1.0134642857142857
2022-08-19,1.021092142857143
2022-08-20,1.02872
2022-08-21,1.1000085714285714
2022-08-22,1.171297142857143
2022-08-23,1.2425857142857144
2022-08-24,1.3138742857142858
2022-08-25,1.3851628571428574
2022-08-26,1.4564514285714287
2022-08-27,1.52774
2022-08-28,1.5533557142857144
2022-08-29,1.5789714285714287
2022-08-30,1.604587142857143
2022-08-31,1.630202857142857
2022-09-01,1.6558185714285714
2022-09-02,1.6814342857142857
2022-09-03,1.70705
2022-09-04,1.697182857142857
2022-09-05,1.6873157142857143
2022-09-06,1.6774485714285714
2022-09-07,1.6675814285714285
2022-09-08,1.6577142857142857
2022-09-09,1.6478471428571428
2022-09-10,1.63798
2022-09-11,1.6347971428571428
2022-09-12,1.6316142857142857
2022-09-13,1.6284314285714285
2022-09-14,1.6252485714285714
2022-09-15,1.6220657142857142
2022-09-16,1.618882857142857
2022-09-17,1.6157
2022-09-18,1.6204914285714285
2022-09-19,1.625282857142857
2022-09-20,1.6300742857142856
2022-09-21,1.6348657142857144
2022-09-22,1.639657142857143
2022-09-23,1.6444485714285715
2022-09-24,1.64924
2022-09-25,1.6639657142857143
2022-09-26,1.6786914285714287
2022-09-27,1.693417142857143
2022-09-28,1.7081428571428572
2022-09-29,1.7228685714285714
2022-09-30,1.7375942857142859
2022-10-01,1.75232
2022-10-02,1.7659500000000001
2022-10-03,1.7795800000000002
2022-10-04,1.7932100000000002
2022-10-05,1.80684
2022-10-06,1.82047
2022-10-07,1.8341
2022-10-08,1.84773
2022-10-09,1.8601728571428573
2022-10-10,1.8726157142857143
2022-10-11,1.8850585714285715
2022-10-12,1.8975014285714287
2022-10-13,1.9099442857142859
2022-10-14,1.9223871428571428
2022-10-15,1.93483
2022-10-16,1.9847814285714287
2022-10-17,2.034732857142857
2022-10-18,2.0846842857142858
2022-10-19,2.1346357142857144
2022-10-20,2.1845871428571426
2022-10-21,2.2345385714285713
2022-10-22,2.28449
2022-10-23,2.3556871428571426
2022-10-24,2.426884285714286
2022-10-25,2.4980814285714286
2022-10-26,2.5692785714285713
2022-10-27,2.640475714285714
2022-10-28,2.711672857142857
2022-10-29,2.78287
2022-10-30,2.9011299999999998
2022-10-31,3.01939
2022-11-01,3.13765
2022-11-02,3.25591
2022-11-03,3.37417
2022-11-04,3.4924299999999997
2022-11-05,3.61069
2022-11-06,3.7731642857142855
2022-11-07,3.9356385714285715
2022-11-08,4.098112857142857
2022-11-09,4.260587142857143
2022-11-10,4.423061428571429
2022-11-11,4.585535714285714
2022-11-12,4.74801
2022-11-13,4.90257
2022-11-14,5.05713
2022-11-15,5.21169
2022-11-16,5.36625
2022-11-17,5.52081
2022-11-18,5.67537
2022-11-19,5.82993
2022-11-20,6.024737142857143
2022-11-21,6.219544285714286
2022-11-22,6.414351428571429
2022-11-23,6.609158571428571
2022-11-24,6.803965714285714
2022-11-25,6.998772857142857
2022-11-26,7.19358
2022-11-27,7.150747142857143
2022-11-28,7.107914285714285
2022-11-29,7.065081428571428
2022-11-30,7.022248571428571
2022-12-01,6.9794157142857145
2022-12-02,6.936582857142857
2022-12-03,6.89375
2022-12-04,6.9531
2022-12-05,7.012449999999999
2022-12-06,7.0718
2022-12-07,7.13115
2022-12-08,7.1905
2022-12-09,7.2498499999999995
2022-12-10,7.3092
2022-12-11,7.3722199999999996
2022-12-12,7.435239999999999
2022-12-13,7.498259999999999
2022-12-14,7.56128
2022-12-15,7.6243
2022-12-16,7.68732
2022-12-17,7.75034
2022-12-18,7.677261428571428
2022-12-19,7.604182857142857
2022-12-20,7.531104285714285
2022-12-21,7.458025714285714
2022-12-22,7.3849471428571425
2022-12-23,7.311868571428571
2022-12-24,7.23879
2022-12-25,7.04242
2022-12-26,6.84605
2022-12-27,6.64968
2022-12-28,6.45331
2022-12-29,6.25694
2022-12-30,6.06057
2022-12-31,5.8642
2023-01-01,5.603025714285715
2023-01-02,5.341851428571429
2023-01-03,5.080677142857144
2023-01-04,4.819502857142858
2023-01-05,4.5583285714285715
2023-01-06,4.297154285714286
2023-01-07,4.03598
2023-01-08,3.8549885714285717
2023-01-09,3.673997142857143
2023-01-10,3.4930057142857143
2023-01-11,3.3120142857142856
2023-01-12,3.131022857142857
2023-01-13,2.9500314285714286
2023-01-14,2.76904
2023-01-15,2.7987385714285713
2023-01-16,2.8284371428571426
2023-01-17,2.858135714285714
2023-01-18,2.887834285714286
2023-01-19,2.917532857142857
2023-01-20,2.9472314285714285
2023-01-21,2.97693
2023-01-22,2.9205514285714282
2023-01-23,2.864172857142857
2023-01-24,2.8077942857142855
2023-01-25,2.7514157142857143
2023-01-26,2.6950371428571427
2023-01-27,2.6386585714285715
2023-01-28,2.58228
2023-01-29,2.603625714285714
2023-01-30,2.6249714285714285
2023-01-31,2.646317142857143
2023-02-01,2.667662857142857
2023-02-02,2.6890085714285714
2023-02-03,2.7103542857142857
2023-02-04,2.7317
2023-02-05,2.7211757142857143
2023-02-06,2.7106514285714285
2023-02-07,2.7001271428571427
2023-02-08,2.6896028571428574
2023-02-09,2.6790785714285716
2023-02-10,2.668554285714286
2023-02-11,2.65803
2023-02-12,2.6815014285714285
2023-02-13,2.7049728571428573
2023-02-14,2.7284442857142857
2023-02-15,2.7519157142857145
2023-02-16,2.775387142857143
2023-02-17,2.7988585714285716
2023-02-18,2.82233
2023-02-19,2.809557142857143
2023-02-20,2.7967842857142857
2023-02-21,2.7840114285714286
2023-02-22,2.7712385714285714
2023-02-23,2.7584657142857143
2023-02-24,2.745692857142857
2023-02-25,2.73292
2023-02-26,2.693374285714286
2023-02-27,2.6538285714285714
2023-02-28,2.6142828571428574
2023-03-01,2.574737142857143
2023-03-02,2.5351914285714288
2023-03-03,2.4956457142857147
2023-03-04,2.4561
2023-03-05,2.464017142857143
2023-03-06,2.4719342857142856
2023-03-07,2.4798514285714286
2023-03-08,2.4877685714285716
2023-03-09,2.4956857142857145
2023-03-10,2.503602857142857
2023-03-11,2.51152
2023-03-12,2.5071885714285713
2023-03-13,2.5028571428571427
2023-03-14,2.498525714285714
2023-03-15,2.494194285714286
2023-03-16,2.489862857142857
2023-03-17,2.4855314285714285
2023-03-18,2.4812
2023-03-19,2.4802442857142855
2023-03-20,2.4792885714285715
2023-03-21,2.478332857142857
2023-03-22,2.4773771428571427
2023-03-23,2.4764214285714283
2023-03-24,2.4754657142857144
2023-03-25,2.47451
2023-03-26,2.4429814285714286
2023-03-27,2.4114528571428573
2023-03-28,2.379924285714286
2023-03-29,2.348395714285714
2023-03-30,2.316867142857143
2023-03-31,2.2853385714285714
2023-04-01,2.25381
2023-04-02,2.241142857142857
2023-04-03,2.2284757142857146
2023-04-04,2.2158085714285716
2023-04-05,2.2031414285714286
2023-04-06,2.1904742857142856
2023-04-07,2.177807142857143
2023-04-08,2.16514
2023-04-09,2.1611728571428572
2023-04-10,2.1572057142857144
2023-04-11,2.1532385714285716
2023-04-12,2.1492714285714287
2023-04-13,2.145304285714286
2023-04-14,2.141337142857143
2023-04-15,2.13737
2023-04-16,2.1235557142857147
2023-04-17,2.1097414285714287
2023-04-18,2.095927142857143
2023-04-19,2.082112857142857
2023-04-20,2.0682985714285715
2023-04-21,2.0544842857142855
2023-04-22,2.04067
2023-04-23,2.0411799999999998
2023-04-24,2.04169
2023-04-25,2.0422
2023-04-26,2.04271
2023-04-27,2.04322
2023-04-28,2.04373
2023-04-29,2.04424
2023-04-30,2.0285114285714285
2023-05-01,2.012782857142857
2023-05-02,1.9970542857142857
2023-05-03,1.9813257142857141
2023-05-04,1.9655971428571428
2023-05-05,1.9498685714285715
2023-05-06,1.93414
2023-05-07,1.923242857142857
2023-05-08,1.9123457142857143
2023-05-09,1.9014485714285714
2023-05-10,1.8905514285714287
2023-05-11,1.8796542857142857
2023-05-12,1.868757142857143
2023-05-13,1.85786
2023-05-14,1.8415300000000001
2023-05-15,1.8252
2023-05-16,1.80887
2023-05-17,1.79254
2023-05-18,1.77621
2023-05-19,1.7598799999999999
2023-05-20,1.74355
2023-05-21,1.7191271428571429
2023-05-22,1.6947042857142856
2023-05-23,1.6702814285714285
2023-05-24,1.6458585714285714
2023-05-25,1.6214357142857143
2023-05-26,1.597012857142857
2023-05-27,1.57259
2023-05-28,1.5594057142857143
2023-05-29,1.5462214285714284
2023-05-30,1.5330371428571428
2023-05-31,1.5198528571428571
2023-06-01,1.5066685714285715
2023-06-02,1.4934842857142856
2023-06-03,1.4803
2023-06-04,1.4496242857142856
2023-06-05,1.4189485714285714
2023-06-06,1.388272857142857
2023-06-07,1.357597142857143
2023-06-08,1.3269214285714286
2023-06-09,1.2962457142857144
2023-06-10,1.26557
2023-06-11,1.2513628571428572
2023-06-12,1.2371557142857144
2023-06-13,1.2229485714285715
2023-06-14,1.2087414285714286
2023-06-15,1.1945342857142858
2023-06-16,1.180327142857143
2023-06-17,1.16612
2023-06-18,1.1442185714285715
2023-06-19,1.1223171428571428
2023-06-20,1.1004157142857143
2023-06-21,1.0785142857142858
2023-06-22,1.0566128571428572
2023-06-23,1.0347114285714285
2023-06-24,1.01281
2023-06-25,0.9922648571428572
2023-06-26,0.9717197142857142
2023-06-27,0.9511745714285714
2023-06-28,0.9306294285714286
2023-06-29,0.9100842857142858
2023-06-30,0.8895391428571429
2023-07-01,0.868994
2023-07-02,0.8760404285714286
2023-07-03,0.8830868571428572
2023-07-04,0.8901332857142857
2023-07-05,0.8971797142857143
2023-07-06,0.9042261428571429
2023-07-07,0.9112725714285714
2023-07-08,0.918319
2023-07-09,0.8998475714285714
2023-07-10,0.8813761428571428
2023-07-11,0.8629047142857142
2023-07-12,0.8444332857142858
2023-07-13,0.8259618571428572
2023-07-14,0.8074904285714286
2023-07-15,0.789019
2023-07-16,0.7842938571428572
2023-07-17,0.7795687142857143
2023-07-18,0.7748435714285714
2023-07-19,0.7701184285714286
2023-07-20,0.7653932857142858
2023-07-21,0.7606681428571429
2023-07-22,0.755943
2023-07-23,0.759986
2023-07-24,0.7640290000000001
2023-07-25,0.7680720000000001
2023-07-26,0.772115
2023-07-27,0.776158
2023-07-28,0.780201
2023-07-29,0.784244
2023-07-30,0.7751667142857144
2023-07-31,0.7660894285714286
2023-08-01,0.7570121428571429
2023-08-02,0.7479348571428571
2023-08-03,0.7388575714285714
2023-08-04,0.7297802857142857
2023-08-05,0.720703
2023-08-06,0.7347894285714286
2023-08-07,0.7488758571428571
2023-08-08,0.7629622857142857
2023-08-09,0.7770487142857143
2023-08-10,0.7911351428571429
2023-08-11,0.8052215714285714
2023-08-12,0.819308
2023-08-13,0.8293934285714286
2023-08-14,0.8394788571428572
2023-08-15,0.8495642857142858
2023-08-16,0.8596497142857142
2023-08-17,0.8697351428571428
2023-08-18,0.8798205714285714
2023-08-19,0.889906
2023-08-20,0.927518
2023-08-21,0.9651299999999999
2023-08-22,1.002742
2023-08-23,1.040354
2023-08-24,1.077966
2023-08-25,1.115578
2023-08-26,1.15319
2023-08-27,1.17327
2023-08-28,1.19335
2023-08-29,1.21343
2023-08-30,1.2335099999999999
2023-08-31,1.25359
2023-09-01,1.27367
2023-09-02,1.29375
2023-09-03,1.3258314285714285
2023-09-04,1.3579128571428571
2023-09-05,1.3899942857142857
2023-09-06,1.422075714285714
2023-09-07,1.4541571428571427
2023-09-08,1.4862385714285713
2023-09-09,1.51832
2023-09-10,1.5152242857142857
2023-09-11,1.5121285714285713
2023-09-12,1.509032857142857
2023-09-13,1.5059371428571429
2023-09-14,1.5028414285714287
2023-09-15,1.4997457142857142
2023-09-16,1.49665
2023-09-17,1.5365071428571428
2023-09-18,1.5763642857142857
2023-09-19,1.6162214285714285
2023-09-20,1.6560785714285715
2023-09-21,1.6959357142857143
2023-09-22,1.7357928571428571
2023-09-23,1.77565
2023-09-24,1.7527657142857143
2023-09-25,1.7298814285714286
2023-09-26,1.7069971428571429
2023-09-27,1.684112857142857
2023-09-28,1.6612285714285713
2023-09-29,1.6383442857142856
2023-09-30,1.61546
2023-10-01,1.6209914285714284
2023-10-02,1.6265228571428572
2023-10-03,1.6320542857142857
2023-10-04,1.6375857142857142
2023-10-05,1.6431171428571427
2023-10-06,1.6486485714285715
2023-10-07,1.65418
2023-10-08,1.6776357142857143
2023-10-09,1.7010914285714285
2023-10-10,1.7245471428571428
2023-10-11,1.7480028571428572
2023-10-12,1.7714585714285715
2023-10-13,1.7949142857142857
2023-10-14,1.81837
2023-10-15,1.85562
2023-10-16,1.89287
2023-10-17,1.93012
2023-10-18,1.96737
2023-10-19,2.00462
2023-10-20,2.0418700000000003
2023-10-21,2.07912
2023-10-22,2.076584285714286
2023-10-23,2.0740485714285715
2023-10-24,2.0715128571428574
2023-10-25,2.068977142857143
2023-10-26,2.0664414285714288
2023-10-27,2.0639057142857142
2023-10-28,2.06137
2023-10-29,2.1085557142857145
2023-10-30,2.1557414285714285
2023-10-31,2.202927142857143
2023-11-01,2.2501128571428572
2023-11-02,2.2972985714285716
2023-11-03,2.3444842857142856
2023-11-04,2.39167
2023-11-05,2.4598185714285714
2023-11-06,2.527967142857143
2023-11-07,2.5961157142857143
2023-11-08,2.6642642857142858
2023-11-09,2.732412857142857
2023-11-10,2.8005614285714286
2023-11-11,2.86871
2023-11-12,2.9454571428571428
2023-11-13,3.022204285714286
2023-11-14,3.0989514285714286
2023-11-15,3.1756985714285717
2023-11-16,3.2524457142857144
2023-11-17,3.3291928571428575
2023-11-18,3.40594
2023-11-19,3.4703585714285716
2023-11-20,3.534777142857143
2023-11-21,3.599195714285714
2023-11-22,3.6636142857142855
2023-11-23,3.728032857142857
2023-11-24,3.7924514285714284
2023-11-25,3.85687
2023-11-26,3.8366885714285712
2023-11-27,3.8165071428571427
2023-11-28,3.796325714285714
2023-11-29,3.7761442857142855
2023-11-30,3.755962857142857
2023-12-01,3.7357814285714284
2023-12-02,3.7156
2023-12-03,3.7948899999999997
2023-12-04,3.87418
2023-12-05,3.95347
2023-12-06,4.03276
2023-12-07,4.11205
2023-12-08,4.191339999999999
2023-12-09,4.27063
2023-12-10,4.381072857142857
2023-12-11,4.491515714285714
2023-12-12,4.601958571428571
2023-12-13,4.712401428571429
2023-12-14,4.822844285714286
2023-12-15,4.933287142857143
2023-12-16,5.04373
2023-12-17,5.169531428571428
2023-12-18,5.295332857142857
2023-12-19,5.4211342857142855
2023-12-20,5.5469357142857145
2023-12-21,5.672737142857143
2023-12-22,5.798538571428572
2023-12-23,5.92434
2023-12-24,6.046105714285714
2023-12-25,6.167871428571429
2023-12-26,6.289637142857143
2023-12-27,6.411402857142857
2023-12-28,6.533168571428571
2023-12-29,6.654934285714286
2023-12-30,6.7767
2023-12-31,6.605678571428571
2024-01-01,6.434657142857143
2024-01-02,6.263635714285714
2024-01-03,6.092614285714286
2024-01-04,5.9215928571428575
2024-01-05,5.750571428571429
2024-01-06,5.57955
2024-01-07,5.438667142857143
2024-01-08,5.297784285714286
2024-01-09,5.1569014285714285
2024-01-10,5.016018571428572
2024-01-11,4.875135714285714
2024-01-12,4.734252857142858
2024-01-13,4.59337
2024-01-14,4.528557142857143
2024-01-15,4.463744285714286
2024-01-16,4.398931428571429
2024-01-17,4.334118571428571
2024-01-18,4.269305714285714
2024-01-19,4.204492857142857
2024-01-20,4.13968
2024-01-21,4.140142857142857
2024-01-22,4.140605714285715
2024-01-23,4.141068571428572
2024-01-24,4.141531428571429
2024-01-25,4.1419942857142855
2024-01-26,4.142457142857143
2024-01-27,4.14292
2024-01-28,4.140611428571429
2024-01-29,4.1383028571428575
2024-01-30,4.135994285714286
2024-01-31,4.133685714285714
2024-02-01,4.131377142857143
2024-02-02,4.129068571428571
2024-02-03,4.12676
2024-02-04,4.1232557142857145
2024-02-05,4.119751428571428
2024-02-06,4.1162471428571425
2024-02-07,4.112742857142857
2024-02-08,4.1092385714285715
2024-02-09,4.105734285714285
2024-02-10,4.10223
2024-02-11,4.0693842857142855
2024-02-12,4.036538571428571
2024-02-13,4.003692857142857
2024-02-14,3.9708471428571426
2024-02-15,3.9380014285714284
2024-02-16,3.9051557142857143
2024-02-17,3.87231
2024-02-18,3.838397142857143
2024-02-19,3.804484285714286
2024-02-20,3.770571428571429
2024-02-21,3.7366585714285714
2024-02-22,3.7027457142857143
2024-02-23,3.6688328571428572
2024-02-24,3.63492
2024-02-25,3.5819414285714286
2024-02-26,3.528962857142857
2024-02-27,3.4759842857142855
2024-02-28,3.4230057142857144
2024-02-29,3.370027142857143
2024-03-01,3.3170485714285713
2024-03-02,3.26407
2024-03-03,3.2755085714285714
2024-03-04,3.2869471428571426
2024-03-05,3.2983857142857143
2024-03-06,3.3098242857142854
2024-03-07,3.321262857142857
2024-03-08,3.3327014285714283
2024-03-09,3.34414
2024-03-10,3.3288814285714285
2024-03-11,3.313622857142857
2024-03-12,3.298364285714286
2024-03-13,3.283105714285714
2024-03-14,3.2678471428571427
2024-03-15,3.2525885714285714
2024-03-16,3.23733
2024-03-17,3.1645371428571427
2024-03-18,3.091744285714286
2024-03-19,3.0189514285714285
2024-03-20,2.9461585714285716
2024-03-21,2.8733657142857143
2024-03-22,2.8005728571428574
2024-03-23,2.72778
2024-03-24,2.700997142857143
2024-03-25,2.6742142857142857
2024-03-26,2.6474314285714287
2024-03-27,2.620648571428571
2024-03-28,2.593865714285714
2024-03-29,2.5670828571428568
2024-03-30,2.5403
2024-03-31,2.5148828571428568
2024-04-01,2.489465714285714
2024-04-02,2.464048571428571
2024-04-03,2.4386314285714286
2024-04-04,2.4132142857142855
2024-04-05,2.387797142857143
2024-04-06,2.36238
2024-04-07,2.365935714285714
2024-04-08,2.3694914285714286
2024-04-09,2.3730471428571427
2024-04-10,2.3766028571428572
2024-04-11,2.3801585714285713
2024-04-12,2.383714285714286
2024-04-13,2.38727
2024-04-14,2.3569557142857143
2024-04-15,2.3266414285714285
2024-04-16,2.296327142857143
2024-04-17,2.266012857142857
2024-04-18,2.2356985714285713
2024-04-19,2.2053842857142856
2024-04-20,2.17507
2024-04-21,2.1527614285714285
2024-04-22,2.130452857142857
2024-04-23,2.108144285714286
2024-04-24,2.085835714285714
2024-04-25,2.0635271428571427
2024-04-26,2.0412185714285713
2024-04-27,2.01891
2024-04-28,2.0188242857142855
2024-04-29,2.0187385714285715
2024-04-30,2.018652857142857
2024-05-01,2.018567142857143
2024-05-02,2.0184814285714285
2024-05-03,2.0183957142857145
2024-05-04,2.01831
2024-05-05,1.9968357142857143
2024-05-06,1.9753614285714287
2024-05-07,1.953887142857143
2024-05-08,1.9324128571428572
2024-05-09,1.9109385714285714
2024-05-10,1.8894642857142858
2024-05-11,1.86799
2024-05-12,1.8486914285714287
2024-05-13,1.8293928571428573
2024-05-14,1.8100942857142859
2024-05-15,1.7907957142857143
2024-05-16,1.7714971428571429
2024-05-17,1.7521985714285715
2024-05-18,1.7329
2024-05-19,1.7174842857142858
2024-05-20,1.7020685714285715
2024-05-21,1.6866528571428572
2024-05-22,1.6712371428571429
2024-05-23,1.6558214285714286
2024-05-24,1.6404057142857142
2024-05-25,1.62499
2024-05-26,1.6243571428571428
2024-05-27,1.6237242857142857
2024-05-28,1.6230914285714286
2024-05-29,1.6224585714285713
2024-05-30,1.6218257142857142
2024-05-31,1.621192857142857
2024-06-01,1.62056
2024-06-02,1.58984
2024-06-03,1.55912
2024-06-04,1.5284
2024-06-05,1.4976800000000001
2024-06-06,1.46696
2024-06-07,1.4362400000000002
2024-06-08,1.40552
2024-06-09,1.3526128571428573
2024-06-10,1.2997057142857142
2024-06-11,1.2467985714285714
2024-06-12,1.1938914285714286
2024-06-13,1.1409842857142856
2024-06-14,1.0880771428571427
2024-06-15,1.03517
2024-06-16,1.0310457142857141
2024-06-17,1.0269214285714285
2024-06-18,1.0227971428571427
2024-06-19,1.0186728571428572
2024-06-20,1.0145485714285714
2024-06-21,1.0104242857142858
2024-06-22,1.0063
2024-06-23,0.9974101428571428
2024-06-24,0.9885202857142857
2024-06-25,0.9796304285714286
2024-06-26,0.9707405714285714
2024-06-27,0.9618507142857142
2024-06-28,0.9529608571428572
2024-06-29,0.944071
2024-06-30,0.9393392857142857
2024-07-01,0.9346075714285714
2024-07-02,0.9298758571428571
2024-07-03,0.9251441428571429
2024-07-04,0.9204124285714286
2024-07-05,0.9156807142857143
2024-07-06,0.910949
2024-07-07,0.9149878571428571
2024-07-08,0.9190267142857143
2024-07-09,0.9230655714285714
2024-07-10,0.9271044285714286
2024-07-11,0.9311432857142857
2024-07-12,0.9351821428571429
2024-07-13,0.939221
2024-07-14,0.9243474285714286
2024-07-15,0.9094738571428571
2024-07-16,0.8946002857142857
2024-07-17,0.8797267142857143
2024-07-18,0.8648531428571429
2024-07-19,0.8499795714285714
2024-07-20,0.835106
2024-07-21,0.8416011428571428
2024-07-22,0.8480962857142857
2024-07-23,0.8545914285714286
2024-07-24,0.8610865714285715
2024-07-25,0.8675817142857143
2024-07-26,0.8740768571428572
2024-07-27,0.880572
2024-07-28,0.8817532857142857
2024-07-29,0.8829345714285715
2024-07-30,0.8841158571428571
2024-07-31,0.8852971428571429
2024-08-01,0.8864784285714286
2024-08-02,0.8876597142857143
2024-08-03,0.888841
2024-08-04,0.8836091428571429
2024-08-05,0.8783772857142857
2024-08-06,0.8731454285714286
2024-08-07,0.8679135714285714
2024-08-08,0.8626817142857143
2024-08-09,0.8574498571428572
2024-08-10,0.852218
2024-08-11,0.8608861428571429
2024-08-12,0.8695542857142857
2024-08-13,0.8782224285714286
2024-08-14,0.8868905714285714
2024-08-15,0.8955587142857143
2024-08-16,0.9042268571428571
2024-08-17,0.912895
2024-08-18,0.9397342857142857
2024-08-19,0.9665735714285715
2024-08-20,0.9934128571428571
2024-08-21,1.020252142857143
2024-08-22,1.0470914285714286
2024-08-23,1.0739307142857144
2024-08-24,1.10077
2024-08-25,1.1431371428571429
2024-08-26,1.1855042857142857
2024-08-27,1.2278714285714285
2024-08-28,1.2702385714285716
2024-08-29,1.3126057142857144
2024-08-30,1.3549728571428572
2024-08-31,1.39734
2024-09-01,1.4022385714285714
2024-09-02,1.4071371428571429
2024-09-03,1.4120357142857143
2024-09-04,1.4169342857142857
2024-09-05,1.4218328571428571
2024-09-06,1.4267314285714285
2024-09-07,1.43163
2024-09-08,1.4179171428571429
2024-09-09,1.4042042857142856
2024-09-10,1.3904914285714285
2024-09-11,1.3767785714285714
2024-09-12,1.3630657142857143
2024-09-13,1.349352857142857
2024-09-14,1.33564
2024-09-15,1.3321642857142857
2024-09-16,1.3286885714285714
2024-09-17,1.3252128571428572
2024-09-18,1.3217371428571427
2024-09-19,1.3182614285714285
2024-09-20,1.3147857142857142
2024-09-21,1.31131
2024-09-22,1.3023757142857142
2024-09-23,1.2934414285714286
2024-09-24,1.2845071428571428
2024-09-25,1.275572857142857
2024-09-26,1.2666385714285713
2024-09-27,1.2577042857142857
2024-09-28,1.24877
2024-09-29,1.2446614285714286
2024-09-30,1.240552857142857
2024-10-01,1.2364442857142857
2024-10-02,1.2323357142857143
2024-10-03,1.228227142857143
2024-10-04,1.2241185714285714
2024-10-05,1.22001
2024-10-06,1.2409871428571428
2024-10-07,1.2619642857142856
2024-10-08,1.2829414285714285
2024-10-09,1.3039185714285715
2024-10-10,1.3248957142857143
2024-10-11,1.345872857142857
2024-10-12,1.36685
2024-10-13,1.3423285714285713
2024-10-14,1.3178071428571427
2024-10-15,1.2932857142857141
2024-10-16,1.2687642857142858
2024-10-17,1.2442428571428572
2024-10-18,1.2197214285714286
2024-10-19,1.1952
2024-10-20,1.2244114285714287
2024-10-21,1.2536228571428571
2024-10-22,1.2828342857142858
2024-10-23,1.3120457142857143
2024-10-24,1.341257142857143
2024-10-25,1.3704685714285714
2024-10-26,1.39968
2024-10-27,1.4134657142857143
2024-10-28,1.4272514285714286
2024-10-29,1.441037142857143
2024-10-30,1.4548228571428572
2024-10-31,1.4686085714285715
2024-11-01,1.4823942857142858
2024-11-02,1.49618
2024-11-03,1.5221542857142858
2024-11-04,1.5481285714285715
2024-11-05,1.5741028571428572
2024-11-06,1.6000771428571428
2024-11-07,1.6260514285714285
2024-11-08,1.6520257142857142
2024-11-09,1.678
2024-11-10,1.6818071428571428
2024-11-11,1.6856142857142857
2024-11-12,1.6894214285714286
2024-11-13,1.6932285714285713
2024-11-14,1.6970357142857142
2024-11-15,1.700842857142857
2024-11-16,1.70465
2024-11-17,1.7409914285714285
2024-11-18,1.777332857142857
2024-11-19,1.8136742857142858
2024-11-20,1.8500157142857143
2024-11-21,1.8863571428571428
2024-11-22,1.9226985714285714
2024-11-23,1.95904
2024-11-24,1.9711071428571427
2024-11-25,1.9831742857142856
2024-11-26,1.9952414285714284
2024-11-27,2.007308571428571
2024-11-28,2.0193757142857143
2024-11-29,2.031442857142857
2024-11-30,2.04351
2024-12-01,2.0679728571428573
2024-12-02,2.092435714285714
2024-12-03,2.1168985714285715
2024-12-04,2.1413614285714284
2024-12-05,2.1658242857142858
2024-12-06,2.1902871428571427
2024-12-07,2.21475
2024-12-08,2.2605642857142856
2024-12-09,2.3063785714285716
2024-12-10,2.352192857142857
2024-12-11,2.398007142857143
2024-12-12,2.4438214285714284
2024-12-13,2.4896357142857144
2024-12-14,2.53545
2024-12-15,2.6818771428571426
2024-12-16,2.8283042857142857
2024-12-17,2.9747314285714284
2024-12-18,3.1211585714285714
2024-12-19,3.267585714285714
2024-12-20,3.4140128571428567
2024-12-21,3.56044
2024-12-22,3.846718571428571
2024-12-23,4.132997142857143
2024-12-24,4.419275714285714
2024-12-25,4.705554285714285
2024-12-26,4.991832857142857
2024-12-27,5.278111428571429
2024-12-28,5.56439
2024-12-29,5.505120000000001
2024-12-30,5.44585
2024-12-31,5.38658
2025-01-01,5.32731
2025-01-02,5.26804
2025-01-03,5.2087699999999995
2025-01-04,5.1495
2025-01-05,5.0201014285714285
2025-01-06,4.890702857142857
2025-01-07,4.761304285714285
2025-01-08,4.631905714285714
2025-01-09,4.502507142857143
2025-01-10,4.373108571428571
2025-01-11,4.24371
2025-01-12,4.247977142857143
2025-01-13,4.252244285714286
2025-01-14,4.256511428571429
2025-01-15,4.260778571428571
2025-01-16,4.265045714285714
2025-01-17,4.269312857142857
2025-01-18,4.27358
2025-01-19,4.367025714285714
2025-01-20,4.460471428571428
2025-01-21,4.553917142857142
2025-01-22,4.647362857142857
2025-01-23,4.7408085714285715
2025-01-24,4.834254285714286
2025-01-25,4.9277
2025-01-26,4.932751428571429
2025-01-27,4.937802857142857
2025-01-28,4.942854285714286
2025-01-29,4.947905714285714
2025-01-30,4.952957142857143
2025-01-31,4.958008571428571
2025-02-01,4.96306
2025-02-02,5.010784285714285
2025-02-03,5.058508571428571
2025-02-04,5.106232857142857
2025-02-05,5.153957142857143
2025-02-06,5.201681428571429
2025-02-07,5.2494057142857145
2025-02-08,5.29713
2025-02-09,5.249534285714286
2025-02-10,5.201938571428571
2025-02-11,5.154342857142857
2025-02-12,5.106747142857143
2025-02-13,5.059151428571429
2025-02-14,5.011555714285715
2025-02-15,4.96396
2025-02-16,4.885117142857143
2025-02-17,4.806274285714286
2025-02-18,4.727431428571429
2025-02-19,4.648588571428571
2025-02-20,4.569745714285714
2025-02-21,4.490902857142857
2025-02-22,4.41206
2025-02-23,4.324931428571428
2025-02-24,4.237802857142857
2025-02-25,4.150674285714286
2025-02-26,4.0635457142857145
2025-02-27,3.976417142857143
2025-02-28,3.8892885714285717
2025-03-01,3.80216
2025-03-02,3.7341200000000003
2025-03-03,3.66608
2025-03-04,3.59804
2025-03-05,3.5300000000000002
2025-03-06,3.4619600000000004
2025-03-07,3.39392
2025-03-08,3.32588
2025-03-09,3.27141
2025-03-10,3.21694
2025-03-11,3.16247
2025-03-12,3.108
2025-03-13,3.05353
2025-03-14,2.99906
2025-03-15,2.94459
2025-03-16,2.869022857142857
2025-03-17,2.7934557142857144
2025-03-18,2.7178885714285714
2025-03-19,2.6423214285714285
2025-03-20,2.5667542857142855
2025-03-21,2.491187142857143
2025-03-22,2.41562
2025-03-23,2.3892128571428572
2025-03-24,2.3628057142857144
2025-03-25,2.3363985714285715
2025-03-26,2.3099914285714287
2025-03-27,2.283584285714286
2025-03-28,2.257177142857143
2025-03-29,2.23077
2025-03-30,2.204637142857143
2025-03-31,2.178504285714286
2025-04-01,2.1523714285714286
2025-04-02,2.1262385714285714
2025-04-03,2.1001057142857142
2025-04-04,2.073972857142857
2025-04-05,2.04784
2025-04-06,2.0320457142857142
2025-04-07,2.0162514285714286
2025-04-08,2.000457142857143
2025-04-09,1.984662857142857
2025-04-10,1.9688685714285714
2025-04-11,1.9530742857142855
2025-04-12,1.93728
2025-04-13,1.9247957142857142
2025-04-14,1.9123114285714284
2025-04-15,1.8998271428571427
2025-04-16,1.8873428571428572
2025-04-17,1.8748585714285715
2025-04-18,1.8623742857142858
2025-04-19,1.84989
2025-04-20,1.84313
2025-04-21,1.83637
2025-04-22,1.82961
2025-04-23,1.82285
2025-04-24,1.81609
2025-04-25,1.80933
2025-04-26,1.80257
2025-04-27,1.8100271428571428
2025-04-28,1.8174842857142857
2025-04-29,1.8249414285714285
2025-04-30,1.8323985714285715
2025-05-01,1.8398557142857144
2025-05-02,1.8473128571428572
2025-05-03,1.85477
2025-05-04,1.8446485714285714
2025-05-05,1.8345271428571428
2025-05-06,1.8244057142857142
2025-05-07,1.8142842857142858
2025-05-08,1.8041628571428572
2025-05-09,1.7940414285714286
2025-05-10,1.78392
2025-05-11,1.7688857142857142
2025-05-12,1.7538514285714286
2025-05-13,1.7388171428571428
2025-05-14,1.723782857142857
2025-05-15,1.7087485714285713
2025-05-16,1.6937142857142857
2025-05-17,1.67868
2025-05-18,1.6576899999999999
2025-05-19,1.6367
2025-05-20,1.61571
2025-05-21,1.59472
2025-05-22,1.5737299999999999
2025-05-23,1.55274
2025-05-24,1.53175
2025-05-25,1.5093857142857143
2025-05-26,1.4870214285714285
2025-05-27,1.4646571428571429
2025-05-28,1.442292857142857
2025-05-29,1.4199285714285714
2025-05-30,1.3975642857142856
2025-05-31,1.3752
2025-06-01,1.3437542857142857
2025-06-02,1.3123085714285714
2025-06-03,1.280862857142857
2025-06-04,1.249417142857143
2025-06-05,1.2179714285714287
2025-06-06,1.1865257142857144
2025-06-07,1.15508
2025-06-08,1.1408442857142858
2025-06-09,1.1266085714285716
2025-06-10,1.1123728571428573
2025-06-11,1.098137142857143
2025-06-12,1.0839014285714286
2025-06-13,1.0696657142857144
2025-06-14,1.05543
2025-06-15,1.0436718571428572
2025-06-16,1.0319137142857144
2025-06-17,1.0201555714285715
2025-06-18,1.0083974285714286
2025-06-19,0.9966392857142857
2025-06-20,0.9848811428571429
2025-06-21,0.973123
2025-06-22,0.9482444285714285
2025-06-23,0.9233658571428571
2025-06-24,0.8984872857142857
2025-06-25,0.8736087142857143
2025-06-26,0.8487301428571429
2025-06-27,0.8238515714285715
2025-06-28,0.798973
2025-06-29,0.7965674285714286
2025-06-30,0.7941618571428571
2025-07-01,0.7917562857142857
2025-07-02,0.7893507142857143
2025-07-03,0.7869451428571429
2025-07-04,0.7845395714285714
2025-07-05,0.782134
2025-07-06,0.7791669999999999
2025-07-07,0.7762
2025-07-08,0.773233
2025-07-09,0.770266
2025-07-10,0.767299
2025-07-11,0.764332
2025-07-12,0.761365
2025-07-13,0.7484967142857143
2025-07-14,0.7356284285714285
2025-07-15,0.7227601428571429
2025-07-16,0.7098918571428571
2025-07-17,0.6970235714285714
2025-07-18,0.6841552857142856
2025-07-19,0.671287
2025-07-20,0.6824762857142856
2025-07-21,0.6936655714285714
2025-07-22,0.7048548571428571
2025-07-23,0.7160441428571428
2025-07-24,0.7272334285714285
2025-07-25,0.7384227142857143
2025-07-26,0.749612
2025-07-27,0.7315105714285713
2025-07-28,0.7134091428571429
2025-07-29,0.6953077142857143
2025-07-30,0.6772062857142856
2025-07-31,0.659104857142857
2025-08-01,0.6410034285714286
2025-08-02,0.622902
2025-08-03,0.6349104285714285
2025-08-04,0.6469188571428571
2025-08-05,0.6589272857142857
2025-08-06,0.6709357142857142
2025-08-07,0.6829441428571428
2025-08-08,0.6949525714285714
2025-08-09,0.706961
2025-08-10,0.7077854285714286
2025-08-11,0.7086098571428571
2025-08-12,0.7094342857142857
2025-08-13,0.7102587142857143
2025-08-14,0.7110831428571429
2025-08-15,0.7119075714285714
2025-08-16,0.712732
2025-08-17,0.7469807142857143
2025-08-18,0.7812294285714286
2025-08-19,0.8154781428571429
2025-08-20,0.8497268571428571
2025-08-21,0.8839755714285715
2025-08-22,0.9182242857142857
2025-08-23,0.952473
2025-08-24,0.9679411428571428
2025-08-25,0.9834092857142858
2025-08-26,0.9988774285714286
2025-08-27,1.0143455714285714
2025-08-28,1.0298137142857144
2025-08-29,1.0452818571428573
2025-08-30,1.06075
2025-08-31,1.0892014285714287
2025-09-01,1.1176528571428572
2025-09-02,1.1461042857142858
2025-09-03,1.1745557142857144
2025-09-04,1.203007142857143
2025-09-05,1.2314585714285715
2025-09-06,1.25991
2025-09-07,1.238127142857143
2025-09-08,1.2163442857142857
2025-09-09,1.1945614285714286
2025-09-10,1.1727785714285714
2025-09-11,1.1509957142857143
2025-09-12,1.129212857142857
2025-09-13,1.10743
2025-09-14,1.09394
2025-09-15,1.08045
2025-09-16,1.06696
2025-09-17,1.05347
2025-09-18,1.03998
2025-09-19,1.02649
2025-09-20,1.013
2025-09-21,1.0000434285714286
2025-09-22,0.987086857142857
2025-09-23,0.9741302857142856
2025-09-24,0.9611737142857143
2025-09-25,0.9482171428571429
2025-09-26,0.9352605714285714
2025-09-27,0.922304
2025-09-28,0.9394677142857143
2025-09-29,0.9566314285714286
2025-09-30,0.973795142857143
2025-10-01,0.9909588571428573
2025-10-02,1.0081225714285715
2025-10-03,1.025286285714286
2025-10-04,1.04245
2025-10-05,1.0493514285714287
2025-10-06,1.056252857142857
2025-10-07,1.0631542857142857
2025-10-08,1.0700557142857143
2025-10-09,1.076957142857143
2025-10-10,1.0838585714285713
2025-10-11,1.09076
2025-10-12,1.0832042857142856
2025-10-13,1.0756485714285715
2025-10-14,1.0680928571428572
2025-10-15,1.0605371428571428
2025-10-16,1.0529814285714285
2025-10-17,1.0454257142857144
2025-10-18,1.03787
2025-10-19,1.0667442857142857
2025-10-20,1.0956185714285716
2025-10-21,1.1244928571428572
2025-10-22,1.1533671428571428
2025-10-23,1.1822414285714284
2025-10-24,1.2111157142857143
2025-10-25,1.23999
2025-10-26,1.23999
2025-10-27,1.23999
2025-10-28,1.23999
2025-10-29,1.23999
2025-10-30,1.23999
2025-10-31,1.23999
