site,block,feature,total_coef,rate_coef
A,0,const,1.4088812134625415,-0.2171872992754112
A,0,fourier_7_sin_1,-0.030292504810125354,0.029002404672410442
A,0,fourier_7_cos_1,0.09408547037791223,-0.01675635680636167
A,0,fourier_7_sin_2,-0.019255815403858675,0.004652189266675178
A,0,fourier_7_cos_2,0.024034082001257406,0.011242521854316073
A,0,fourier_7_sin_3,0.0055429042848306204,-0.0026060489499851085
A,0,fourier_7_cos_3,0.03229290568829745,0.0010974010536507262
A,0,fourier_7_sin_4,-0.005542904284830763,0.0026060489499850747
A,0,fourier_7_cos_4,0.03229290568829564,0.0010974010536506699
A,0,fourier_7_sin_5,0.019255815403858935,-0.004652189266675274
A,0,fourier_7_cos_5,0.02403408200125833,0.01124252185431577
A,0,fourier_365.25_sin_1,-0.041038327294999566,-0.052928311538967106
A,0,fourier_365.25_cos_1,0.03963409325569588,-0.022059797185949134
A,0,fourier_365.25_sin_2,0.0272698378337877,-0.009729472890309052
A,0,fourier_365.25_cos_2,0.037166903487320324,-0.0904337713352936
A,0,fourier_365.25_sin_3,-0.01982489927220897,0.012883702438266961
A,0,fourier_365.25_cos_3,-0.026200239071869892,0.007123205090262799
A,0,dow_1,0.19674493118465272,-0.027557619407002285
A,0,dow_2,0.1875637478148752,-0.024575919319437412
A,0,dow_3,0.1813677125830369,-0.022950159117150065
A,0,dow_4,0.1771875356968015,-0.02661057848270832
A,0,dow_5,0.20214194230418528,-0.04074405399107678
A,0,dow_6,0.2196316110793599,-0.04246037366200782
A,0,trend,0.017788955157928627,-0.004304501900531516
A,0,is_holiday,0.09141508606223328,0.01003509052090401
A,0,is_halloween,-0.10092190844036064,0.004137894031938398
A,0,days_since_xmas,0.00020741439295091882,-0.00021274261658534976
A,0,days_until_thanksgiving,0.0005183458352791301,-0.00013162420585761307
A,0,days_since_july4,0.00022531175334478405,-6.654299033371473e-05
A,0,days_to_nearest_holiday,0.0014657725554324248,-0.005393632040053166
A,0,school_in_session,-0.0019211903904363724,0.08512104145041066
A,0,days_since_school_start,0.0013331245486703687,-0.0007820506582929129
A,0,days_until_school_start,0.0018011411811167599,-0.0014485626789371697
A,0,is_covid_era,-0.06715694526534408,0.05823548215445701
A,0,temp_min,0.0003504744083994488,-0.0005926715775804299
A,0,temp_max,0.0034863425308150502,-0.00016197779842100097
A,0,precip,0.03692822444730057,-0.000978167597360745
A,0,snowfall,-0.03363135630986176,-0.07644979198030101
A,0,temp_range,0.003135868122397244,0.00043069377915114194
A,1,const,2.0885269600148133,-0.3075066109628011
A,1,fourier_7_sin_1,0.017986193044876777,0.03400159877041141
A,1,fourier_7_cos_1,0.10752962115228946,-0.05429656891042976
A,1,fourier_7_sin_2,-0.004125717392203555,0.00730136314292891
A,1,fourier_7_cos_2,0.06795360382748124,0.0031865773021332155
A,1,fourier_7_sin_3,-0.00179446469492495,-0.010633835510852915
A,1,fourier_7_cos_3,0.05527321588412866,-0.014346340095912256
A,1,fourier_7_sin_4,0.001794464694926781,0.010633835510853052
A,1,fourier_7_cos_4,0.05527321588413045,-0.014346340095911918
A,1,fourier_7_sin_5,0.004125717392203212,-0.007301363142928959
A,1,fourier_7_cos_5,0.06795360382745065,0.003186577302132606
A,1,fourier_365.25_sin_1,-0.021270389830262543,0.038021244763892605
A,1,fourier_365.25_cos_1,0.055071537624293586,-0.03458388285177039
A,1,fourier_365.25_sin_2,0.028468022758626175,-0.036136980945106964
A,1,fourier_365.25_cos_2,0.024624790852903228,-0.006764109884984554
A,1,fourier_365.25_sin_3,-0.027324922759772517,0.013189870938927355
A,1,fourier_365.25_cos_3,-0.014616366626655185,0.009122359532205155
A,1,dow_1,0.30161367484028395,-0.041800617728643054
A,1,dow_2,0.2898006815727543,-0.03291198674407699
A,1,dow_3,0.2819233225868037,-0.02885072732118464
A,1,dow_4,0.27662043189121177,-0.028094774285371483
A,1,dow_5,0.27795594310722815,-0.05479486236735898
A,1,dow_6,0.29632150005328173,-0.05842231760599209
A,1,trend,0.03859542945464013,0.01269261121702264
A,1,is_holiday,-0.03015746333728639,-0.03353220645421263
A,1,is_halloween,-0.037164365531059756,0.015473727238958483
A,1,days_since_xmas,4.5061914452066466e-05,-4.916640156005715e-05
A,1,days_until_thanksgiving,0.00028430368448066146,-0.00016798365534334772
A,1,days_since_july4,0.00019053156294178913,-0.00034704448998367534
A,1,days_to_nearest_holiday,0.0008925198372629223,-0.0006522080065665432
A,1,school_in_session,0.015609042841749009,-0.017355943533221257
A,1,days_since_school_start,0.0012914487242324997,-0.0005725629611809365
A,1,days_until_school_start,0.001744436414322059,-0.0007771250138415634
A,1,is_covid_era,-0.0743742719923374,0.05623948472602841
A,1,temp_min,0.00046940951276128683,-0.001190577773619411
A,1,temp_max,0.002367900483884336,-0.0012094930653060063
A,1,precip,0.03938022430567793,-0.017775291445725993
A,1,snowfall,-0.009732949020792383,-0.0017688623046234482
A,1,temp_range,0.0018984909713796346,-1.8915291687757448e-05
A,2,const,2.647230485277732,-0.35850455918731855
A,2,fourier_7_sin_1,0.01481492729551464,0.07379573783605503
A,2,fourier_7_cos_1,0.12320876772905007,-0.049829617066610106
A,2,fourier_7_sin_2,0.004891667777603695,0.017551461108768422
A,2,fourier_7_cos_2,0.07832473968414058,0.02532794455292385
A,2,fourier_7_sin_3,-0.007753872453123033,-0.013756373798390734
A,2,fourier_7_cos_3,0.07303985037428919,-3.4503271683425904e-05
A,2,fourier_7_sin_4,0.0077538724531424534,0.01375637379839098
A,2,fourier_7_cos_4,0.0730398503742387,-3.4503271683315674e-05
A,2,fourier_7_sin_5,-0.004891667777619064,-0.017551461108768235
A,2,fourier_7_cos_5,0.07832473968417401,0.025327944552923386
A,2,fourier_365.25_sin_1,-0.05752010413366691,0.03128405777005774
A,2,fourier_365.25_cos_1,0.04988143426815642,-0.0005929722512843838
A,2,fourier_365.25_sin_2,0.02042114257622712,-0.038864539855130234
A,2,fourier_365.25_cos_2,0.019702250560050392,-0.01619553461886057
A,2,fourier_365.25_sin_3,-0.0280478241475706,0.006447227582594044
A,2,fourier_365.25_cos_3,-0.019862673600335685,0.004713465590106724
A,2,dow_1,0.3800533280396078,-0.042024821606384814
A,2,dow_2,0.36844384428404875,-0.03311998613420737
A,2,dow_3,0.35435251110422755,-0.03247798287642072
A,2,dow_4,0.35718449424858517,-0.03526941888707266
A,2,dow_5,0.35793910564041825,-0.07602592737063801
A,2,dow_6,0.3726318875533423,-0.08136114934715757
A,2,trend,0.024674255062249243,0.0222639917343656
A,2,is_holiday,-0.03193611804345356,-0.18939344790442977
A,2,is_halloween,-0.07501367479982608,0.03021916623572582
A,2,days_since_xmas,-3.365394082164239e-05,-0.0002030057222092541
A,2,days_until_thanksgiving,0.00030766022965083396,-0.00015288142518884036
A,2,days_since_july4,0.0003706685987857785,-0.0003891768485422354
A,2,days_to_nearest_holiday,0.0007345268086758728,5.0622997272112836e-05
A,2,school_in_session,-0.0011746308981071746,-0.0052748221345324565
A,2,days_since_school_start,0.0009218520298146089,-0.00030889407273226
A,2,days_until_school_start,0.0012021324205674364,-0.0004259972335693163
A,2,is_covid_era,-0.05765387850307197,0.04060931415488563
A,2,temp_min,0.0008255818788342454,7.004655145130264e-05
A,2,temp_max,0.00201043171672962,-0.0010008761336085005
A,2,precip,0.03183243054749979,-0.06263270047071717
A,2,snowfall,-0.03409033683374402,-0.015383378470925666
A,2,temp_range,0.0011848498380929758,-0.0010709226850701508
A,3,const,2.4960482925469605,-0.3990526662513802
A,3,fourier_7_sin_1,-0.0011754476882785722,-0.0008922140244903711
A,3,fourier_7_cos_1,0.10799445264222017,-0.023987219495916753
A,3,fourier_7_sin_2,0.0035489813919612474,0.0031425928757345917
A,3,fourier_7_cos_2,0.05921062952327958,-0.0072761476725628285
A,3,fourier_7_sin_3,0.0026097958852737903,-0.003265780282383689
A,3,fourier_7_cos_3,0.05760340737083435,-0.0068307698126281145
A,3,fourier_7_sin_4,-0.0026097958852580967,0.0032657802823837256
A,3,fourier_7_cos_4,0.0576034073708251,-0.0068307698126278795
A,3,fourier_7_sin_5,-0.003548981391967095,-0.003142592875734282
A,3,fourier_7_cos_5,0.059210629523309966,-0.007276147672563097
A,3,fourier_365.25_sin_1,-0.07547368708229985,-0.06422335995227083
A,3,fourier_365.25_cos_1,0.0347401753302237,-0.012064491489676817
A,3,fourier_365.25_sin_2,0.020949465325205568,-0.043466287718893916
A,3,fourier_365.25_cos_2,0.004803022649852593,-0.004423035959904658
A,3,fourier_365.25_sin_3,-0.02300888697372795,-0.0001581233679087203
A,3,fourier_365.25_cos_3,-0.008487645285042932,0.002521154777438736
A,3,dow_1,0.3582732719578674,-0.058788412056565535
A,3,dow_2,0.34338145152718447,-0.054734880540055764
A,3,dow_3,0.3354524045804055,-0.05341691579453126
A,3,dow_4,0.33587546181892514,-0.04997234690526458
A,3,dow_5,0.3460821616202881,-0.05491769513207129
A,3,dow_6,0.356174216525191,-0.05933085293523657
A,3,trend,-0.0004456621423168397,0.02014020527686593
A,3,is_holiday,-0.006483436294543045,-0.014874327783485823
A,3,is_halloween,-0.033226490896515255,0.0073752276041701495
A,3,days_since_xmas,-3.1363284949869165e-05,-0.000576617926851924
A,3,days_until_thanksgiving,0.00038431232665325386,-0.0001360964844385431
A,3,days_since_july4,0.0004135578682580841,-4.412068426352744e-05
A,3,days_to_nearest_holiday,0.0008897999855146016,-0.000789967535832464
A,3,school_in_session,0.015595860158841655,0.03527678178986961
A,3,days_since_school_start,0.0011121768691288248,-0.000917923718962033
A,3,days_until_school_start,0.0012540745723658984,-0.0010652887134748666
A,3,is_covid_era,-0.08053822080642475,0.028927737207876763
A,3,temp_min,0.0005471033833867586,0.0001253792848970295
A,3,temp_max,0.0030498857901331065,-0.0006327588676746582
A,3,precip,0.028701236331823428,-0.07597992132162201
A,3,snowfall,-0.0729640209155694,-0.0143430405850747
A,3,temp_range,0.0025027824064071526,-0.0007581381526013226
B,0,const,0.0,-0.24605551462245176
B,0,fourier_7_sin_1,0.0,0.004636815598611069
B,0,fourier_7_cos_1,0.0,0.0022218037654700208
B,0,fourier_7_sin_2,0.0,-0.009612601406897897
B,0,fourier_7_cos_2,0.0,0.004159444598149061
B,0,fourier_7_sin_3,0.0,0.011899004201837962
B,0,fourier_7_cos_3,0.0,-0.0072520771124807235
B,0,fourier_7_sin_4,0.0,-0.01189900420183782
B,0,fourier_7_cos_4,0.0,-0.0072520771124804356
B,0,fourier_7_sin_5,0.0,0.009612601406897877
B,0,fourier_7_cos_5,0.0,0.004159444598148799
B,0,fourier_365.25_sin_1,0.0,0.00930996008868054
B,0,fourier_365.25_cos_1,0.0,-0.0986194768587825
B,0,fourier_365.25_sin_2,0.0,-0.030556165384517848
B,0,fourier_365.25_cos_2,0.0,-0.0004500096212650574
B,0,fourier_365.25_sin_3,0.0,-0.006334009503582079
B,0,fourier_365.25_cos_3,0.0,0.02835251481870512
B,0,dow_1,0.0,-0.03331935819556336
B,0,dow_2,0.0,-0.03782942430743606
B,0,dow_3,0.0,-0.028484136700735588
B,0,dow_4,0.0,-0.040557247912960524
B,0,dow_5,0.0,-0.03747987933416825
B,0,dow_6,0.0,-0.03298587215441989
B,0,trend,0.0,0.010621534261764489
B,0,is_holiday,0.0,0.0015211119020911725
B,0,is_halloween,0.0,-0.050896380731992756
B,0,days_since_xmas,0.0,-0.00031543306933126377
B,0,days_until_thanksgiving,0.0,-0.0004500847264486169
B,0,days_since_july4,0.0,-0.0002155223808831023
B,0,days_to_nearest_holiday,0.0,-0.0024642015067353465
B,0,school_in_session,0.0,0.015918666869525536
B,0,days_since_school_start,0.0,-0.0010212139848100213
B,0,days_until_school_start,0.0,-0.0009323986040485654
B,0,is_covid_era,0.0,0.07493775414257273
B,0,temp_min,0.0,0.0007276527158315681
B,0,temp_max,0.0,-0.003989623095228514
B,0,precip,0.0,-0.05570051677929225
B,0,snowfall,0.0,0.02823041850844638
B,0,temp_range,0.0,-0.004717275811035965
B,1,const,2.3611061400401225,-0.2749468255515043
B,1,fourier_7_sin_1,0.014254483523149043,0.05879212251432668
B,1,fourier_7_cos_1,0.13737873514926638,-0.04050532395708541
B,1,fourier_7_sin_2,-0.005815053790908895,0.013460063338717507
B,1,fourier_7_cos_2,0.06752901731620513,0.015533163787273986
B,1,fourier_7_sin_3,-0.003553783399863238,-0.004931231038564805
B,1,fourier_7_cos_3,0.06280791286182452,0.002684372608591804
B,1,fourier_7_sin_4,0.0035537833998620628,0.004931231038564866
B,1,fourier_7_cos_4,0.06280791286180412,0.002684372608591862
B,1,fourier_7_sin_5,0.0058150537909253605,-0.013460063338717673
B,1,fourier_7_cos_5,0.06752901731622218,0.015533163787273995
B,1,fourier_365.25_sin_1,-0.05778690550848949,-0.033186249436864185
B,1,fourier_365.25_cos_1,0.09081167400101567,-0.017528282432364154
B,1,fourier_365.25_sin_2,0.013890571413150504,-0.0313547046672733
B,1,fourier_365.25_cos_2,-0.005625474250074041,-0.08036365789577903
B,1,fourier_365.25_sin_3,-0.013971725838413973,-0.013555476248197869
B,1,fourier_365.25_cos_3,-0.010386264039030453,0.012944133005353676
B,1,dow_1,0.34243603803791256,-0.03190129047354488
B,1,dow_2,0.3278573106624685,-0.024413707996112633
B,1,dow_3,0.31204948081170175,-0.02334688197201832
B,1,dow_4,0.30789719617978306,-0.029162796196038784
B,1,dow_5,0.316886675870303,-0.05603277674967952
B,1,dow_6,0.34018837123586654,-0.06444331492497568
B,1,trend,0.04303083735876547,-0.006813780693163068
B,1,is_holiday,-0.01419690686133589,-0.07572796407091602
B,1,is_halloween,-0.007427789685758428,-0.05639837513644138
B,1,days_since_xmas,4.637449482922854e-05,-0.000556840532289749
B,1,days_until_thanksgiving,0.0004290828107952049,-0.0002434508561838163
B,1,days_since_july4,0.0003534745718772655,-0.0002530994153661652
B,1,days_to_nearest_holiday,0.0009216006383499012,-0.003100037624121662
B,1,school_in_session,0.015484262848990349,-0.015794917954832847
B,1,days_since_school_start,0.00110547066749566,-0.0005792998487809864
B,1,days_until_school_start,0.0012156057461683522,-0.0011446013816733328
B,1,is_covid_era,-0.07132964250130272,0.03082303752828453
B,1,temp_min,0.0016281185327383905,-0.0012198387157382525
B,1,temp_max,0.0023314251311966103,-0.0006777572633088232
B,1,precip,0.014181834053308326,-0.011997974562443484
B,1,snowfall,-0.017212072177362734,-0.001478554935246225
B,1,temp_range,0.0007033065978036607,0.000542081452437999
B,2,const,2.8551734116946386,-0.4473095027162045
B,2,fourier_7_sin_1,-0.019094895083885153,0.0936762623122709
B,2,fourier_7_cos_1,0.1463576994025667,-0.062247077226030026
B,2,fourier_7_sin_2,-0.0073663335900372735,0.019515288415153247
B,2,fourier_7_cos_2,0.06444421187211906,0.02378536896918782
B,2,fourier_7_sin_3,-0.0019510033691972077,-0.010809320831651752
B,2,fourier_7_cos_3,0.06299534349307984,-0.0055180797474423315
B,2,fourier_7_sin_4,0.001951003369179556,0.010809320831651629
B,2,fourier_7_cos_4,0.0629953434930907,-0.005518079747442152
B,2,fourier_7_sin_5,0.007366333590118892,-0.019515288415153455
B,2,fourier_7_cos_5,0.06444421187216394,0.023785368969187873
B,2,fourier_365.25_sin_1,-0.027317473171670388,-0.050590335010013164
B,2,fourier_365.25_cos_1,0.038144120563254835,-0.059908107074605615
B,2,fourier_365.25_sin_2,0.008465869676679602,-0.023088299076869507
B,2,fourier_365.25_cos_2,0.011908986027318385,-0.026691547243988964
B,2,fourier_365.25_sin_3,-0.0071379881842012875,-0.002489077465399524
B,2,fourier_365.25_cos_3,-0.012106895687052352,-0.023016905819561173
B,2,dow_1,0.4070814475225624,-0.050060351934970465
B,2,dow_2,0.389239749006949,-0.04096071803972584
B,2,dow_3,0.37641648020647617,-0.03904731940544593
B,2,dow_4,0.3789466634106945,-0.04753225168869705
B,2,dow_5,0.39717955356663137,-0.09313860595964515
B,2,dow_6,0.420199814948452,-0.10010324444132442
B,2,trend,0.035493636314072374,0.0065550730786219785
B,2,is_holiday,0.06459054079830476,-0.10738468258354027
B,2,is_halloween,0.010507908931139088,-0.013224111446402613
B,2,days_since_xmas,0.00015764346326663318,-0.000407744354746977
B,2,days_until_thanksgiving,0.00039882181268997927,2.6123153102158335e-05
B,2,days_since_july4,0.00010356119190980153,-3.514584600726105e-05
B,2,days_to_nearest_holiday,0.0009626647094501238,-0.002558625292149075
B,2,school_in_session,0.009982885408951488,0.057646371005353025
B,2,days_since_school_start,0.0008335299339997802,-0.0006251955500140287
B,2,days_until_school_start,0.0009906616579198537,-0.0009635032917310554
B,2,is_covid_era,-0.04395383431405927,0.039861842810387134
B,2,temp_min,0.0010523849480341776,-0.0013654945796874476
B,2,temp_max,0.0019868334660296063,-0.0006984042440667053
B,2,precip,-0.02442187361853799,-0.03172064568977107
B,2,snowfall,-0.027288965139664674,-0.021864578917105658
B,2,temp_range,0.0009344485194437239,0.0006670903355889641
B,3,const,2.8379654034566992,-0.5924133651504382
B,3,fourier_7_sin_1,-0.038511829841076935,0.027749103135537214
B,3,fourier_7_cos_1,0.1296475779016387,-0.032077302440353284
B,3,fourier_7_sin_2,-0.0037991830556263232,0.006847782946945271
B,3,fourier_7_cos_2,0.04856738966299377,0.0019780788872279
B,3,fourier_7_sin_3,0.005342626733750096,-0.006761270029580788
B,3,fourier_7_cos_3,0.06041931350462384,-0.0025508308676489406
B,3,fourier_7_sin_4,-0.005342626733757584,0.006761270029580249
B,3,fourier_7_cos_4,0.06041931350462216,-0.0025508308676491075
B,3,fourier_7_sin_5,0.0037991830556331646,-0.006847782946945831
B,3,fourier_7_cos_5,0.04856738966292726,0.001978078887228003
B,3,fourier_365.25_sin_1,0.01887883808478439,0.014592255383008502
B,3,fourier_365.25_cos_1,-0.0062163655657168125,-0.07536165858506923
B,3,fourier_365.25_sin_2,0.019706465156653113,-0.026198069944646914
B,3,fourier_365.25_cos_2,0.019037185871521735,-0.012827763793516649
B,3,fourier_365.25_sin_3,0.010333291064752835,-0.008026272292125774
B,3,fourier_365.25_cos_3,-0.0038505288039794206,0.011075059205209046
B,3,dow_1,0.400879386066474,-0.08254596749393368
B,3,dow_2,0.3839918952689401,-0.07516371671986588
B,3,dow_3,0.37442294869817744,-0.07583165284878264
B,3,dow_4,0.37929761148906854,-0.07588555082531986
B,3,dow_5,0.40689183120667033,-0.09194566374029854
B,3,dow_6,0.41887687849942756,-0.09708174580909845
B,3,trend,0.018663221491623194,0.029463758333216905
B,3,is_holiday,0.04207053758722229,-0.09850407147682487
B,3,is_halloween,-0.040940529140203775,0.029489143201059047
B,3,days_since_xmas,0.00033928788508342687,-0.0003153159238384045
B,3,days_until_thanksgiving,0.0002697629719756529,-0.0003346275295023006
B,3,days_since_july4,6.808763216995084e-05,-0.0001745571995692935
B,3,days_to_nearest_holiday,0.0008383043310039273,-0.0017357976988736207
B,3,school_in_session,0.009335966464483866,-0.013675857261029897
B,3,days_since_school_start,0.0010625766462889047,-0.0009857668993034072
B,3,days_until_school_start,0.0012916138316506874,-0.0009237914566128204
B,3,is_covid_era,-0.08974417286479282,0.059948469030398494
B,3,temp_min,0.0011844233441069417,-0.00010030156205302253
B,3,temp_max,0.0020891298329224406,-0.002819217883059772
B,3,precip,-0.006914464333806162,-0.022445668934652184
B,3,snowfall,-0.028668710454296264,0.009650482622416107
B,3,temp_range,0.0009047064882447024,-0.002718916321043997
C,0,const,1.1561627632543887,-0.22197118377433553
C,0,fourier_7_sin_1,-0.04638667222911469,0.008438391789690438
C,0,fourier_7_cos_1,0.08216805049415472,0.01835638917222401
C,0,fourier_7_sin_2,-0.008636103646587444,0.0028583845870883825
C,0,fourier_7_cos_2,0.013120669545647154,0.004015904223017593
C,0,fourier_7_sin_3,0.006153691055115505,-0.012932411243755106
C,0,fourier_7_cos_3,0.02033524743588977,0.021955318793144392
C,0,fourier_7_sin_4,-0.006153691055116495,0.012932411243755207
C,0,fourier_7_cos_4,0.020335247435888888,0.021955318793144465
C,0,fourier_7_sin_5,0.008636103646585005,-0.0028583845870883964
C,0,fourier_7_cos_5,0.01312066954564749,0.004015904223017368
C,0,fourier_365.25_sin_1,-0.037346399954907177,0.03052938777449933
C,0,fourier_365.25_cos_1,0.036382907925517835,0.025922111862573764
C,0,fourier_365.25_sin_2,0.022273557747161134,-0.05439900921690088
C,0,fourier_365.25_cos_2,0.035599327627921416,-0.11472880890974527
C,0,fourier_365.25_sin_3,-0.001637982613088973,0.016000554702857713
C,0,fourier_365.25_cos_3,-0.025970609450197305,0.034469091592610454
C,0,dow_1,0.161730034833666,-0.03326922730890888
C,0,dow_2,0.14696200826562192,-0.025114850490104507
C,0,dow_3,0.14295173477047882,-0.04031069501257061
C,0,dow_4,0.14716604328628277,-0.03392117342932017
C,0,dow_5,0.1734121488188097,-0.03488489811970721
C,0,dow_6,0.1857392649644273,-0.0354252023569295
C,0,trend,0.027183245801775568,-0.019886833952823948
C,0,is_holiday,0.13524343706634456,-0.0009318233220591403
C,0,is_halloween,0.10046718925940629,-0.020001878517924395
C,0,days_since_xmas,0.00028070307464048513,8.983547142397155e-05
C,0,days_until_thanksgiving,0.000678920564249842,-0.0002086545184366501
C,0,days_since_july4,0.00021140568716373668,-0.0005901688262475954
C,0,days_to_nearest_holiday,0.002036834530661728,-0.002446150060183152
C,0,school_in_session,-0.014611513919208622,-0.06213149411643617
C,0,days_since_school_start,0.0013708135819157712,-0.0005736540818689645
C,0,days_until_school_start,0.0016836482675000452,-0.0015489218116963197
C,0,is_covid_era,-0.04481882231628693,-0.014554020080449577
C,0,temp_min,0.0012284271832573015,-0.0007188428088939074
C,0,temp_max,0.002733974569031675,-0.0019254637313678102
C,0,precip,-0.0009155569430290505,0.012866275633954658
C,0,snowfall,0.03332164359144908,0.004787714571941037
C,0,temp_range,0.0015055473858134585,-0.0012066209224673003
C,1,const,0.0,-0.19145641353793247
C,1,fourier_7_sin_1,0.0,0.01964962632994494
C,1,fourier_7_cos_1,0.0,-0.025871081342080323
C,1,fourier_7_sin_2,0.0,0.0007176521285587707
C,1,fourier_7_cos_2,0.0,-0.0010331170365905295
C,1,fourier_7_sin_3,0.0,-0.005618803701299473
C,1,fourier_7_cos_3,0.0,0.0015010718125445608
C,1,fourier_7_sin_4,0.0,0.005618803701299554
C,1,fourier_7_cos_4,0.0,0.001501071812544588
C,1,fourier_7_sin_5,0.0,-0.0007176521285588652
C,1,fourier_7_cos_5,0.0,-0.0010331170365906778
C,1,fourier_365.25_sin_1,0.0,0.08487809502959001
C,1,fourier_365.25_cos_1,0.0,-9.379541749429524e-05
C,1,fourier_365.25_sin_2,0.0,-0.04084419240322805
C,1,fourier_365.25_cos_2,0.0,-0.006660881894089948
C,1,fourier_365.25_sin_3,0.0,0.020945278975578404
C,1,fourier_365.25_cos_3,0.0,0.01042374063097622
C,1,dow_1,0.0,-0.02838761226770466
C,1,dow_2,0.0,-0.018533168891672856
C,1,dow_3,0.0,-0.020260195423891566
C,1,dow_4,0.0,-0.02168113356975692
C,1,dow_5,0.0,-0.031812339869710035
C,1,dow_6,0.0,-0.03617301113374166
C,1,trend,0.0,0.0009152651164695215
C,1,is_holiday,0.0,-0.12010362476821733
C,1,is_halloween,0.0,0.028451229505727402
C,1,days_since_xmas,0.0,-3.227899307894651e-05
C,1,days_until_thanksgiving,0.0,-0.0003231823031502459
C,1,days_since_july4,0.0,-0.00045506826838043527
C,1,days_to_nearest_holiday,0.0,0.000550100831567316
C,1,school_in_session,0.0,-0.0050116003230761584
C,1,days_since_school_start,0.0,-0.0005699688806282617
C,1,days_until_school_start,0.0,-0.0009480824056462121
C,1,is_covid_era,0.0,0.0035476803764909076
C,1,temp_min,0.0,0.0001926141520211325
C,1,temp_max,0.0,-0.0007015078506956991
C,1,precip,0.0,0.05774418050218186
C,1,snowfall,0.0,-0.044834307732700716
C,1,temp_range,0.0,-0.0008941220027143681
C,2,const,2.2225907138268073,-0.33111288227580316
C,2,fourier_7_sin_1,0.010405958666510855,0.0734269291367039
C,2,fourier_7_cos_1,0.10677749282652432,-0.021337095735781724
C,2,fourier_7_sin_2,0.001310188623303332,0.007020809456498411
C,2,fourier_7_cos_2,0.06268747347931707,0.017405769656884323
C,2,fourier_7_sin_3,-0.009423834528155645,-0.007669768411360864
C,2,fourier_7_cos_3,0.05621688005484766,-0.0036446914715664944
C,2,fourier_7_sin_4,0.009423834528131687,0.007669768411360842
C,2,fourier_7_cos_4,0.05621688005487655,-0.0036446914715664485
C,2,fourier_7_sin_5,-0.0013101886233031178,-0.007020809456498589
C,2,fourier_7_cos_5,0.06268747347930954,0.017405769656884014
C,2,fourier_365.25_sin_1,-0.038949409980824086,0.035885454555628915
C,2,fourier_365.25_cos_1,0.034326924093673404,-0.016091313738079125
C,2,fourier_365.25_sin_2,0.0396648739403284,-0.028388629569180385
C,2,fourier_365.25_cos_2,0.021687939689287526,0.029274086051712996
C,2,fourier_365.25_sin_3,-0.0158603628164728,0.021257648783690006
C,2,fourier_365.25_cos_3,-0.01666910302983225,-0.017440269771370105
C,2,dow_1,0.3195986565201926,-0.03386423346655577
C,2,dow_2,0.3094430741189019,-0.029779074612355492
C,2,dow_3,0.29599165659117255,-0.03307910077933039
C,2,dow_4,0.2992470450366575,-0.04387463757707166
C,2,dow_5,0.29976053666870983,-0.07237119693795128
C,2,dow_6,0.31655625824138134,-0.0686782221344344
C,2,trend,0.046287553297989927,0.016536104111001895
C,2,is_holiday,0.03146604058909847,-0.07839873008701037
C,2,is_halloween,-0.003809238660403903,-0.0037507952978142515
C,2,days_since_xmas,0.0001644149500613396,-0.0001970607417035217
C,2,days_until_thanksgiving,0.00047501302361181854,-0.00030072938771324965
C,2,days_since_july4,0.000361743260758567,-0.0001102809853804849
C,2,days_to_nearest_holiday,0.0010661454808245762,0.0005644899182987604
C,2,school_in_session,-0.002561903477113472,0.023875409261836573
C,2,days_since_school_start,0.0010564652947195007,-0.00043815712803192805
C,2,days_until_school_start,0.001348056935701405,-0.0006644588098513024
C,2,is_covid_era,-0.07883999753056307,0.028491780163923733
C,2,temp_min,0.0006411344570596006,-0.0008651088033462456
C,2,temp_max,0.002737652202725422,-0.0007151518890894016
C,2,precip,-0.0013442874355469306,0.021978772268007703
C,2,snowfall,-0.009618105193881026,-0.05169023489595678
C,2,temp_range,0.0020965177471010104,0.00014995691429648
C,3,const,2.2457952655195834,-0.349606186198321
C,3,fourier_7_sin_1,-0.03573163160369939,0.03775696736135325
C,3,fourier_7_cos_1,0.09780716865563813,-0.0377800723710422
C,3,fourier_7_sin_2,0.001322713462358378,0.014537502684983114
C,3,fourier_7_cos_2,0.03663265567124313,0.0073015989837967865
C,3,fourier_7_sin_3,-0.00035281161857148637,-0.0037662750590088095
C,3,fourier_7_cos_3,0.04063173613287327,-0.010840386812374448
C,3,fourier_7_sin_4,0.00035281161857024686,0.00376627505900881
C,3,fourier_7_cos_4,0.04063173613287591,-0.01084038681237442
C,3,fourier_7_sin_5,-0.001322713462360444,-0.014537502684983314
C,3,fourier_7_cos_5,0.03663265567125103,0.007301598983796666
C,3,fourier_365.25_sin_1,0.001972673480772328,0.019284714027055186
C,3,fourier_365.25_cos_1,-0.01717238033699738,-0.017800566072882655
C,3,fourier_365.25_sin_2,0.05768662187411923,-0.05150005051753991
C,3,fourier_365.25_cos_2,0.03413102928542167,0.010523793128286028
C,3,fourier_365.25_sin_3,0.0002317310187105716,-0.013410450722192487
C,3,fourier_365.25_cos_3,0.007075377640879072,0.0024692089134037113
C,3,dow_1,0.3178057998427753,-0.04233086089308171
C,3,dow_2,0.3023795004042632,-0.04179608353027165
C,3,dow_3,0.29476960435714944,-0.03784437952663903
C,3,dow_4,0.3044161636981913,-0.03861261393859221
C,3,dow_5,0.32245597447870183,-0.06090884224472682
C,3,dow_6,0.3331198818186063,-0.06636427655107262
C,3,trend,0.02777169086580727,0.002669080418657935
C,3,is_holiday,0.10051610446692173,-0.031413535913719204
C,3,is_halloween,-0.029107107419064925,-0.036259864172779564
C,3,days_since_xmas,0.0003707043890107545,-0.0005271375026103584
C,3,days_until_thanksgiving,0.0002013688691989753,-0.00027497051393695834
C,3,days_since_july4,0.0003431319110921097,-0.0003920861149617039
C,3,days_to_nearest_holiday,0.0021966623958569664,0.0004654453793724823
C,3,school_in_session,-0.006817751914538409,-0.04479158551237566
C,3,days_since_school_start,0.000997173107061957,-0.0007744465241049553
C,3,days_until_school_start,0.0012701521492251742,-0.000919488227371198
C,3,is_covid_era,-0.11217305908555228,0.04376301372303625
C,3,temp_min,0.00026564103689543435,0.0003347431553955335
C,3,temp_max,0.002204403474234335,-0.0014713612138494328
C,3,precip,-0.04962331624007786,-0.08502699446587833
C,3,snowfall,-0.03556152679220366,0.04225716023328721
C,3,temp_range,0.0019387624389636063,-0.0018061043692543838
D,0,const,0.6909998496628412,-0.13462213913068957
D,0,fourier_7_sin_1,-0.06309906871691169,0.006600849084969797
D,0,fourier_7_cos_1,0.04639292044477136,0.006080473949135785
D,0,fourier_7_sin_2,-0.003444878660225673,-0.0022712521990951046
D,0,fourier_7_cos_2,0.005884095009483173,0.03418628136741129
D,0,fourier_7_sin_3,-0.002289694950869074,-0.004491623541091281
D,0,fourier_7_cos_3,0.006704347844257211,0.04227197366341024
D,0,fourier_7_sin_4,0.0022896949508690347,0.004491623541091293
D,0,fourier_7_cos_4,0.006704347844256865,0.042271973663410366
D,0,fourier_7_sin_5,0.00344487866022585,0.0022712521990950452
D,0,fourier_7_cos_5,0.005884095009483853,0.03418628136741107
D,0,fourier_365.25_sin_1,-0.0492227998942515,-0.015522832169077544
D,0,fourier_365.25_cos_1,-0.003490350311878549,0.00030391500273258746
D,0,fourier_365.25_sin_2,0.024327028468889973,-0.06562137840050883
D,0,fourier_365.25_cos_2,0.028726806520016034,-0.07847989781116044
D,0,fourier_365.25_sin_3,-0.021560700005345854,0.01989265713595528
D,0,fourier_365.25_cos_3,-0.033307486022587686,0.03728893118132265
D,0,dow_1,0.08954025325684749,-0.030918642724872537
D,0,dow_2,0.07880657829763393,-0.017764636839924904
D,0,dow_3,0.0797032944312714,-0.01732007433266303
D,0,dow_4,0.09508422745862376,-0.017469061986944024
D,0,dow_5,0.1120821273793789,-0.024011782043055752
D,0,dow_6,0.12021728651624794,-0.03148870103597563
D,0,trend,0.01614556311577561,-0.01991717034114743
D,0,is_holiday,0.19254315180760082,-0.045117855958335513
D,0,is_halloween,0.07456633307568548,-0.03442453363553086
D,0,days_since_xmas,0.00022575829023512784,-0.00023056688041070083
D,0,days_until_thanksgiving,0.0006367862076271362,-0.0006060576280990389
D,0,days_since_july4,0.0003039537577244531,-0.00026044351844009854
D,0,days_to_nearest_holiday,0.0018504635769584824,-0.003260577514602203
D,0,school_in_session,-0.010644009685951807,-0.018128308786115304
D,0,days_since_school_start,0.0018255819276568842,-0.00154435124016687
D,0,days_until_school_start,0.00224160150446108,-0.0026493497897313806
D,0,is_covid_era,-0.032035869255642335,0.030872099220867415
D,0,temp_min,0.002686785763989329,-0.000584052050257057
D,0,temp_max,0.0018116149585899576,-0.005250999713572368
D,0,precip,0.030432675717549925,0.01246954782070494
D,0,snowfall,-0.043730763032578675,-0.023066990931336188
D,0,temp_range,-0.0008751708054180559,-0.004666947663319765
D,1,const,0.0,-0.22924801036635692
D,1,fourier_7_sin_1,0.0,0.07531542023608756
D,1,fourier_7_cos_1,0.0,-0.01061463341315135
D,1,fourier_7_sin_2,0.0,0.002545593752882191
D,1,fourier_7_cos_2,0.0,0.02303754243591293
D,1,fourier_7_sin_3,0.0,-0.007768868081033778
D,1,fourier_7_cos_3,0.0,-0.010688837351023116
D,1,fourier_7_sin_4,0.0,0.007768868081033838
D,1,fourier_7_cos_4,0.0,-0.010688837351023158
D,1,fourier_7_sin_5,0.0,-0.00254559375288218
D,1,fourier_7_cos_5,0.0,0.023037542435912692
D,1,fourier_365.25_sin_1,0.0,0.012331254014418808
D,1,fourier_365.25_cos_1,0.0,0.025379742853709548
D,1,fourier_365.25_sin_2,0.0,-0.07312029737854019
D,1,fourier_365.25_cos_2,0.0,-0.03421962764888975
D,1,fourier_365.25_sin_3,0.0,-0.04491579125520665
D,1,fourier_365.25_cos_3,0.0,0.04158899352844766
D,1,dow_1,0.0,-0.01678377003181917
D,1,dow_2,0.0,-0.01751027352380688
D,1,dow_3,0.0,-0.018629875321539383
D,1,dow_4,0.0,-0.03183777501834408
D,1,dow_5,0.0,-0.06230830742036904
D,1,dow_6,0.0,-0.049923742332923876
D,1,trend,0.0,-0.034118415205750645
D,1,is_holiday,0.0,-0.06802051741119723
D,1,is_halloween,0.0,-0.013586755762769789
D,1,days_since_xmas,0.0,-0.0011342197327050402
D,1,days_until_thanksgiving,0.0,-0.00023034206736567526
D,1,days_since_july4,0.0,-0.00037246706350660093
D,1,days_to_nearest_holiday,0.0,-0.0017674134078944788
D,1,school_in_session,0.0,-0.0004222328231255467
D,1,days_since_school_start,0.0,-0.0015630589624300334
D,1,days_until_school_start,0.0,-0.0017549922739327063
D,1,is_covid_era,0.0,0.017321243713750635
D,1,temp_min,0.0,3.139649147819368e-05
D,1,temp_max,0.0,-0.0009344823600373522
D,1,precip,0.0,0.011374393375500294
D,1,snowfall,0.0,-0.04909472796663494
D,1,temp_range,0.0,-0.0009658788515174964
D,2,const,0.0,-0.3932078726106614
D,2,fourier_7_sin_1,0.0,0.09269744657705083
D,2,fourier_7_cos_1,0.0,-0.03658428205297505
D,2,fourier_7_sin_2,0.0,-0.008910528284604882
D,2,fourier_7_cos_2,0.0,0.02413089608091692
D,2,fourier_7_sin_3,0.0,-0.009093701472585331
D,2,fourier_7_cos_3,0.0,-0.01654633410928726
D,2,fourier_7_sin_4,0.0,0.009093701472585496
D,2,fourier_7_cos_4,0.0,-0.01654633410928725
D,2,fourier_7_sin_5,0.0,0.008910528284604528
D,2,fourier_7_cos_5,0.0,0.024130896080916356
D,2,fourier_365.25_sin_1,0.0,0.028689916844391792
D,2,fourier_365.25_cos_1,0.0,0.03375154711653971
D,2,fourier_365.25_sin_2,0.0,-0.054911366132058985
D,2,fourier_365.25_cos_2,0.0,-0.05058618884730004
D,2,fourier_365.25_sin_3,0.0,0.03221697512366822
D,2,fourier_365.25_cos_3,0.0,0.027437156972557254
D,2,dow_1,0.0,-0.04286706015782491
D,2,dow_2,0.0,-0.03404903454415519
D,2,dow_3,0.0,-0.03045560597433383
D,2,dow_4,0.0,-0.0523531733315648
D,2,dow_5,0.0,-0.09196286510930969
D,2,dow_6,0.0,-0.0770619459544223
D,2,trend,0.0,-0.01232374608490633
D,2,is_holiday,0.0,-0.12968652423266536
D,2,is_halloween,0.0,0.005917897054995739
D,2,days_since_xmas,0.0,-0.0002618671597729298
D,2,days_until_thanksgiving,0.0,-0.000519943170929963
D,2,days_since_july4,0.0,-0.00015764473509235783
D,2,days_to_nearest_holiday,0.0,-0.0032303716058868673
D,2,school_in_session,0.0,0.053926097618886275
D,2,days_since_school_start,0.0,-0.0013615259031497348
D,2,days_until_school_start,0.0,-0.0019580099105834243
D,2,is_covid_era,0.0,0.025227604463017854
D,2,temp_min,0.0,-0.00020239934101726195
D,2,temp_max,0.0,-0.0026012464440241696
D,2,precip,0.0,0.039950732780579
D,2,snowfall,0.0,0.13424738032620528
D,2,temp_range,0.0,-0.0023988471029769563
D,3,const,0.0,-0.3698823842961034
D,3,fourier_7_sin_1,0.0,0.014716162538495092
D,3,fourier_7_cos_1,0.0,-0.003333550858591223
D,3,fourier_7_sin_2,0.0,-0.0020830504508428534
D,3,fourier_7_cos_2,0.0,-0.015972532739040538
D,3,fourier_7_sin_3,0.0,-0.008515064630127942
D,3,fourier_7_cos_3,0.0,-0.010204391477343575
D,3,fourier_7_sin_4,0.0,0.008515064630128032
D,3,fourier_7_cos_4,0.0,-0.010204391477343595
D,3,fourier_7_sin_5,0.0,0.0020830504508429584
D,3,fourier_7_cos_5,0.0,-0.015972532739040805
D,3,fourier_365.25_sin_1,0.0,-0.03589719626928811
D,3,fourier_365.25_cos_1,0.0,-0.039786342988971796
D,3,fourier_365.25_sin_2,0.0,-0.09677161407824664
D,3,fourier_365.25_cos_2,0.0,-0.05306338331177495
D,3,fourier_365.25_sin_3,0.0,-0.009901433917411195
D,3,fourier_365.25_cos_3,0.0,-0.03100728482286031
D,3,dow_1,0.0,-0.04814039374471174
D,3,dow_2,0.0,-0.044075040468007795
D,3,dow_3,0.0,-0.054261046653653146
D,3,dow_4,0.0,-0.05409654600665772
D,3,dow_5,0.0,-0.056594094719693344
D,3,dow_6,0.0,-0.05144335778251466
D,3,trend,0.0,-0.006844145194777676
D,3,is_holiday,0.0,-0.002223387343092266
D,3,is_halloween,0.0,0.026486420736362787
D,3,days_since_xmas,0.0,-0.0005773699308101037
D,3,days_until_thanksgiving,0.0,0.00019049758551329334
D,3,days_since_july4,0.0,-0.00038473688364085607
D,3,days_to_nearest_holiday,0.0,-0.001002565872122431
D,3,school_in_session,0.0,-0.008158516897355783
D,3,days_since_school_start,0.0,-0.0026618227131161394
D,3,days_until_school_start,0.0,-0.0027758495524377973
D,3,is_covid_era,0.0,0.02281664642986802
D,3,temp_min,0.0,-0.0004068041949873952
D,3,temp_max,0.0,-0.002705456224706104
D,3,precip,0.0,0.07069650152538196
D,3,snowfall,0.0,0.06982081997414225
D,3,temp_range,0.0,-0.0022986520297004
